ticker,version,status,eligible,eligibility_failures,model_exists,feature_exists,model_hash_match,feature_hash_match,provenance_status,dataset_hash,feature_pipeline_version,feature_pipeline_hash,cv_score,trained_at,selected,selection_rank,policy_version
ADANIENT.NS,3c7a4a5ae14c,CANDIDATE,True,,True,True,True,True,COMPLETE,4a6571b7cfb2366eab3d055d9bf9e97cdd9bc5508d5307597c533309e2d6dca0,v1,685cb3dbe63d7923126e44c597914c93a7bcebc83c6f6e42017dd1101f7d2c68,0.3875932267597147,2026-08-11T02:24:20.275427+00:00,True,1,CANONICAL_CV_CHAMPION_V1
ADANIENT.NS,66c2ef3e02d0,CANDIDATE,True,,True,True,True,True,COMPLETE,6e002625f2a404274e8807e682cf32be7102d3441a2ab95ef1be69d4d5ede259,v1,685cb3dbe63d7923126e44c597914c93a7bcebc83c6f6e42017dd1101f7d2c68,0.38457448858345483,2026-08-12T02:17:04.202573+00:00,False,2,CANONICAL_CV_CHAMPION_V1
ADANIENT.NS,02396567e184,CANDIDATE,True,,True,True,True,True,COMPLETE,8d05fbccdfe88a6d61b11a8add94e4e46288faaa916d9aa2ac6aec8db5e37a61,v1,685cb3dbe63d7923126e44c597914c93a7bcebc83c6f6e42017dd1101f7d2c68,0.3686225382780631,2026-08-12T06:41:30.091566+00:00,False,3,CANONICAL_CV_CHAMPION_V1
ADANIPORTS.NS,dd85a7190418,CANDIDATE,True,,True,True,True,True,COMPLETE,15af4ddf70919c6226baa8200f548e5b288d475de19a446331dd1d18f1c280be,v1,685cb3dbe63d7923126e44c597914c93a7bcebc83c6f6e42017dd1101f7d2c68,0.32542522546379865,2026-08-11T02:35:20.691748+00:00,False,2,CANONICAL_CV_CHAMPION_V1
ADANIPORTS.NS,06bc74a2363f,CANDIDATE,True,,True,True,True,True,COMPLETE,0ca08bf2d1bf2c42384780749899aacdb1a6fdfdb437dd548f109570c59710c9,v1,685cb3dbe63d7923126e44c597914c93a7bcebc83c6f6e42017dd1101f7d2c68,0.3230630171219457,2026-08-12T02:20:19.479025+00:00,False,3,CANONICAL_CV_CHAMPION_V1
ADANIPORTS.NS,b93ab9691be4,CANDIDATE,True,,True,True,True,True,COMPLETE,3bbeba10e6062fa10b1ef306f9b85dca4bcf6a4b484c5daa2a55a6526d2df598,v1,685cb3dbe63d7923126e44c597914c93a7bcebc83c6f6e42017dd1101f7d2c68,0.3297875129790172,2026-08-12T06:46:46.047599+00:00,True,1,CANONICAL_CV_CHAMPION_V1
APOLLOHOSP.NS,cbe6d8ee7790,CANDIDATE,True,,True,True,True,True,COMPLETE,fa916535b124b054fd88b02b85795280a2998c89744eb75f2c6b8eaa2e5ff9ad,v1,685cb3dbe63d7923126e44c597914c93a7bcebc83c6f6e42017dd1101f7d2c68,0.2932904625593336,2026-08-11T02:40:06.689901+00:00,False,3,CANONICAL_CV_CHAMPION_V1
APOLLOHOSP.NS,a0bd0b468e8b,CANDIDATE,True,,True,True,True,True,COMPLETE,70c1e00ba0ab52c73145abc207349c3a5a7d1210eb7fe25d8048c02c835a6c33,v1,685cb3dbe63d7923126e44c597914c93a7bcebc83c6f6e42017dd1101f7d2c68,0.3248009428062247,2026-08-12T02:23:51.763473+00:00,True,1,CANONICAL_CV_CHAMPION_V1
APOLLOHOSP.NS,05ede10abd64,CANDIDATE,True,,True,True,True,True,COMPLETE,ea72e3a15ead211d29295c6a8309fc2754a18e01fcbac57e845f75a7dde042fc,v1,685cb3dbe63d7923126e44c597914c93a7bcebc83c6f6e42017dd1101f7d2c68,0.307617428704981,2026-08-12T06:51:03.425542+00:00,False,2,CANONICAL_CV_CHAMPION_V1
ASIANPAINT.NS,fc03c2cbd1c4,CANDIDATE,True,,True,True,True,True,COMPLETE,df185b27664d794fa7efea7de69bd8439ea7526eb5e819d88b12146ddf28537e,v1,685cb3dbe63d7923126e44c597914c93a7bcebc83c6f6e42017dd1101f7d2c68,0.32662983015614044,2026-08-11T02:44:05.252739+00:00,False,3,CANONICAL_CV_CHAMPION_V1
ASIANPAINT.NS,4824c1b99db7,CANDIDATE,True,,True,True,True,True,COMPLETE,c8abd5a696c3f2ef70db26696976169e2051474248da79c74fe99903eaabaebb,v1,685cb3dbe63d7923126e44c597914c93a7bcebc83c6f6e42017dd1101f7d2c68,0.33616571414275503,2026-08-12T02:27:35.722475+00:00,False,2,CANONICAL_CV_CHAMPION_V1
ASIANPAINT.NS,e6259388a183,CANDIDATE,True,,True,True,True,True,COMPLETE,6866780e85f5666ab350654e0b524c298f0bd466b2b4e4da8aa3321a8dd014ed,v1,685cb3dbe63d7923126e44c597914c93a7bcebc83c6f6e42017dd1101f7d2c68,0.34367921252244915,2026-08-12T06:54:40.205191+00:00,True,1,CANONICAL_CV_CHAMPION_V1
AXISBANK.NS,c5887408a2bd,CANDIDATE,True,,True,True,True,True,COMPLETE,f333ed21c1c9f97848a5b26a7044b3c2e280bb91f227b6a5ee6479730b3725ff,v1,685cb3dbe63d7923126e44c597914c93a7bcebc83c6f6e42017dd1101f7d2c68,0.3709348447160547,2026-08-11T02:49:27.603105+00:00,True,1,CANONICAL_CV_CHAMPION_V1
AXISBANK.NS,c9b756f77ab8,CANDIDATE,True,,True,True,True,True,COMPLETE,ea0fda5a3e2cecc53782b6f564a4f6debd92487ce58eb187dcd6e70ba57c2770,v1,685cb3dbe63d7923126e44c597914c93a7bcebc83c6f6e42017dd1101f7d2c68,0.36810076607201553,2026-08-12T02:31:09.301346+00:00,False,2,CANONICAL_CV_CHAMPION_V1
AXISBANK.NS,6714ad67d111,CANDIDATE,True,,True,True,True,True,COMPLETE,debd7b1d958256cb0dc2e70191ba5923c01af95189b7ef22c5e8ddf4bc6209c3,v1,685cb3dbe63d7923126e44c597914c93a7bcebc83c6f6e42017dd1101f7d2c68,0.36497999036100826,2026-08-12T07:00:37.877039+00:00,False,3,CANONICAL_CV_CHAMPION_V1
BAJAJ-AUTO.NS,4ead6a75dc12,CANDIDATE,True,,True,True,True,True,COMPLETE,0b7dfd6a35124f711dcddce49f569b1687113863eca570f3dffc05a1ee1b146e,v1,685cb3dbe63d7923126e44c597914c93a7bcebc83c6f6e42017dd1101f7d2c68,0.2985209507186804,2026-08-11T02:53:07.260860+00:00,True,1,CANONICAL_CV_CHAMPION_V1
BAJAJ-AUTO.NS,48c2a43dffff,CANDIDATE,True,,True,True,True,True,COMPLETE,644107a7ca31cb0270110122a43f35d4110af4ad4a74ac134b3aaa4eb378705d,v1,685cb3dbe63d7923126e44c597914c93a7bcebc83c6f6e42017dd1101f7d2c68,0.29438506348591953,2026-08-12T02:34:19.513814+00:00,False,2,CANONICAL_CV_CHAMPION_V1
BAJAJ-AUTO.NS,db9e0769b1d1,CANDIDATE,True,,True,True,True,True,COMPLETE,83f61e213fe5c47440c31f1611f078eea096660e54c94d0377fd07e2ece73421,v1,685cb3dbe63d7923126e44c597914c93a7bcebc83c6f6e42017dd1101f7d2c68,0.28844811904022133,2026-08-12T07:04:55.123241+00:00,False,3,CANONICAL_CV_CHAMPION_V1
BAJFINANCE.NS,433d0ad7ddca,CANDIDATE,True,,True,True,True,True,COMPLETE,e055a0e4dc5a5f2446a442d27616669db650a2e2038568ea4cda94b1488dc3d2,v1,685cb3dbe63d7923126e44c597914c93a7bcebc83c6f6e42017dd1101f7d2c68,0.3667604555612217,2026-08-11T02:55:52.455129+00:00,True,1,CANONICAL_CV_CHAMPION_V1
BAJFINANCE.NS,397cf26016b6,CANDIDATE,True,,True,True,True,True,COMPLETE,a4871ee6923ded3d4e5249107c3015a17636eefe29753e887ba065f067de24ff,v1,685cb3dbe63d7923126e44c597914c93a7bcebc83c6f6e42017dd1101f7d2c68,0.356909623903994,2026-08-12T02:37:22.322186+00:00,False,3,CANONICAL_CV_CHAMPION_V1
BAJFINANCE.NS,19fd01804fed,CANDIDATE,True,,True,True,True,True,COMPLETE,c8693da348366b756838c8ee8900c3872a3c042ef5631321bf2d78139072b479,v1,685cb3dbe63d7923126e44c597914c93a7bcebc83c6f6e42017dd1101f7d2c68,0.36139062604940986,2026-08-12T07:09:23.379167+00:00,False,2,CANONICAL_CV_CHAMPION_V1
BAJAJFINSV.NS,d7782e81c688,CANDIDATE,True,,True,True,True,True,COMPLETE,bac356e60f68857efd2c53a582010976dab19c8521094ed8df11a4087ead8b9d,v1,685cb3dbe63d7923126e44c597914c93a7bcebc83c6f6e42017dd1101f7d2c68,0.33015692338552116,2026-08-11T02:58:48.859142+00:00,True,1,CANONICAL_CV_CHAMPION_V1
BAJAJFINSV.NS,d1602b7bb0cc,CANDIDATE,True,,True,True,True,True,COMPLETE,727f94a429e4b636540f137033e480eaf1ae512e6891ede618626cb1ea197113,v1,685cb3dbe63d7923126e44c597914c93a7bcebc83c6f6e42017dd1101f7d2c68,0.3016795653500127,2026-08-12T02:40:57.050309+00:00,False,3,CANONICAL_CV_CHAMPION_V1
BAJAJFINSV.NS,550436d37c2e,CANDIDATE,True,,True,True,True,True,COMPLETE,88958ec2c5b6da04dda2ff8575fac7251a3051a566af5880f5621ecba97a6200,v1,685cb3dbe63d7923126e44c597914c93a7bcebc83c6f6e42017dd1101f7d2c68,0.30745148399090333,2026-08-12T07:15:54.102304+00:00,False,2,CANONICAL_CV_CHAMPION_V1
BEL.NS,5c1ff0aa0aad,CANDIDATE,True,,True,True,True,True,COMPLETE,755079ea8d4fb56250eb174c586c82d49028bedfcfddb672b7918fa1b36c726a,v1,685cb3dbe63d7923126e44c597914c93a7bcebc83c6f6e42017dd1101f7d2c68,0.30951502449043006,2026-08-11T03:03:12.551150+00:00,True,1,CANONICAL_CV_CHAMPION_V1
BEL.NS,d531ce73163b,CANDIDATE,True,,True,True,True,True,COMPLETE,17832ecd38fc1f2c199201a5f16abb59c7930e68991855d38dd5bf8de4dfa54c,v1,685cb3dbe63d7923126e44c597914c93a7bcebc83c6f6e42017dd1101f7d2c68,0.30595893795669366,2026-08-12T02:44:08.414129+00:00,False,2,CANONICAL_CV_CHAMPION_V1
BEL.NS,5cc7f5c36428,CANDIDATE,True,,True,True,True,True,COMPLETE,ab49fb469f346856bba36cb5f5262d16808760df4090d64eb4c25c0d4d1523b4,v1,685cb3dbe63d7923126e44c597914c93a7bcebc83c6f6e42017dd1101f7d2c68,0.30432716997393006,2026-08-12T07:22:45.176128+00:00,False,3,CANONICAL_CV_CHAMPION_V1
BHARTIARTL.NS,54da001749a5,CANDIDATE,True,,True,True,True,True,COMPLETE,52eacd86373bac4fab6b0ceaab225b625077b038d7177aa0aae14dce63a1ee9d,v1,685cb3dbe63d7923126e44c597914c93a7bcebc83c6f6e42017dd1101f7d2c68,0.3090478297253642,2026-08-11T03:09:34.736217+00:00,False,2,CANONICAL_CV_CHAMPION_V1
BHARTIARTL.NS,909066bc44c9,CANDIDATE,True,,True,True,True,True,COMPLETE,a79d5933837307d4a461e4915a129c755e643c5809c331dff3461c608007db51,v1,685cb3dbe63d7923126e44c597914c93a7bcebc83c6f6e42017dd1101f7d2c68,0.30763076492912744,2026-08-12T02:49:30.960090+00:00,False,3,CANONICAL_CV_CHAMPION_V1
BHARTIARTL.NS,1db6ff197a40,CANDIDATE,True,,True,True,True,True,COMPLETE,86473990de62642d9c5a622f75545dd81e8f1afb6b3cb4cadacf24858759fc08,v1,685cb3dbe63d7923126e44c597914c93a7bcebc83c6f6e42017dd1101f7d2c68,0.31832330168990447,2026-08-12T07:30:04.668027+00:00,True,1,CANONICAL_CV_CHAMPION_V1
BRITANNIA.NS,fd8d23128b94,CANDIDATE,True,,True,True,True,True,COMPLETE,e785fe01d9b0907a4d37c9850d5ba38945b2ee592bb15896c31152d985be66b8,v1,685cb3dbe63d7923126e44c597914c93a7bcebc83c6f6e42017dd1101f7d2c68,0.375114771847038,2026-08-11T03:14:28.720014+00:00,False,2,CANONICAL_CV_CHAMPION_V1
BRITANNIA.NS,b4951f71a6bf,CANDIDATE,True,,True,True,True,True,COMPLETE,442af2d1743bb8b5fa7337ad934155b762045d00bde861f6064c2d65b9487b9d,v1,685cb3dbe63d7923126e44c597914c93a7bcebc83c6f6e42017dd1101f7d2c68,0.3808784415888023,2026-08-12T02:54:10.410644+00:00,True,1,CANONICAL_CV_CHAMPION_V1
BRITANNIA.NS,75a51f014587,CANDIDATE,True,,True,True,True,True,COMPLETE,4dfe464badbf9e123b450e4f2ee080cd51834191dcf1adca3b2c14f072e71afb,v1,685cb3dbe63d7923126e44c597914c93a7bcebc83c6f6e42017dd1101f7d2c68,0.36967468955230975,2026-08-12T07:41:56.826447+00:00,False,3,CANONICAL_CV_CHAMPION_V1
CIPLA.NS,4667a453f22d,CANDIDATE,True,,True,True,True,True,COMPLETE,facd0b86d3836529722cf46d4c9e472ab8436e4c89cd51317bfc707c9d1d4ac1,v1,685cb3dbe63d7923126e44c597914c93a7bcebc83c6f6e42017dd1101f7d2c68,0.3030749116678516,2026-08-11T03:17:10.919153+00:00,False,2,CANONICAL_CV_CHAMPION_V1
CIPLA.NS,91f547418e28,CANDIDATE,True,,True,True,True,True,COMPLETE,3f4a9c8e1c495af9d4d937d5f4c56e87fa37056515d66a1ee5ebff8bef9d165b,v1,685cb3dbe63d7923126e44c597914c93a7bcebc83c6f6e42017dd1101f7d2c68,0.3106231507934906,2026-08-12T02:58:21.593787+00:00,True,1,CANONICAL_CV_CHAMPION_V1
CIPLA.NS,a133bb37aed0,CANDIDATE,True,,True,True,True,True,COMPLETE,de3a96366e1ef55b825df681c7f1f05f82ff0110128b26cda0f8e0fe5307dd08,v1,685cb3dbe63d7923126e44c597914c93a7bcebc83c6f6e42017dd1101f7d2c68,0.293694403128597,2026-08-12T07:50:36.204581+00:00,False,3,CANONICAL_CV_CHAMPION_V1
COALINDIA.NS,34ba065a209a,CANDIDATE,True,,True,True,True,True,COMPLETE,8bab44cf3a6a9b66eb7077de3897d2b50347dc0539f37835bb9e0977548d05f2,v1,685cb3dbe63d7923126e44c597914c93a7bcebc83c6f6e42017dd1101f7d2c68,0.32632784923224734,2026-08-11T03:18:48.160412+00:00,True,1,CANONICAL_CV_CHAMPION_V1
COALINDIA.NS,8c000efaacb2,CANDIDATE,True,,True,True,True,True,COMPLETE,db4e9cd2235af872a245f018867615a803a1f2952ddb8e7c41d9a20c679b49e8,v1,685cb3dbe63d7923126e44c597914c93a7bcebc83c6f6e42017dd1101f7d2c68,0.3230990217698172,2026-08-12T03:00:15.316014+00:00,False,2,CANONICAL_CV_CHAMPION_V1
COALINDIA.NS,174fb1f190ff,CANDIDATE,True,,True,True,True,True,COMPLETE,b0b8edbd6a2d1b738f5d48d5fa2ca8621e134cad8ea4d3a38b2d28606dfd9b1a,v1,685cb3dbe63d7923126e44c597914c93a7bcebc83c6f6e42017dd1101f7d2c68,0.31299052637038094,2026-08-12T07:55:46.153001+00:00,False,3,CANONICAL_CV_CHAMPION_V1
DRREDDY.NS,776e48979a61,CANDIDATE,True,,True,True,True,True,COMPLETE,53e25877a8b36037f62435a306093a1db30f97fd643e062e37e850242b1629ff,v1,685cb3dbe63d7923126e44c597914c93a7bcebc83c6f6e42017dd1101f7d2c68,0.33313379041500485,2026-08-11T03:22:52.490074+00:00,True,1,CANONICAL_CV_CHAMPION_V1
DRREDDY.NS,2ac38559612d,CANDIDATE,True,,True,True,True,True,COMPLETE,de8a186596b40d4d9f9224576eaa8292b079cd92cdd42007e0b6936468b740bb,v1,685cb3dbe63d7923126e44c597914c93a7bcebc83c6f6e42017dd1101f7d2c68,0.3299322821526217,2026-08-12T03:04:56.991724+00:00,False,2,CANONICAL_CV_CHAMPION_V1
DRREDDY.NS,7210d4a2ac7f,CANDIDATE,True,,True,True,True,True,COMPLETE,97db20ffb58da8b3fc2e791bb652088cb898c4e1201d6879e9da75877bf528ca,v1,685cb3dbe63d7923126e44c597914c93a7bcebc83c6f6e42017dd1101f7d2c68,0.3277415792667968,2026-08-12T08:00:47.980929+00:00,False,3,CANONICAL_CV_CHAMPION_V1
EICHERMOT.NS,cebb182a5b8f,CANDIDATE,True,,True,True,True,True,COMPLETE,e111815dfbe7497f744c795be765cdebe08b9ef4f87ea6164734fec9d8a2e2e5,v1,685cb3dbe63d7923126e44c597914c93a7bcebc83c6f6e42017dd1101f7d2c68,0.30152628078692423,2026-08-11T03:26:58.431967+00:00,False,2,CANONICAL_CV_CHAMPION_V1
EICHERMOT.NS,f4fcbc8ea09b,CANDIDATE,True,,True,True,True,True,COMPLETE,65f7a51bf063ffe46be0ef4e840fa45f9757ebb42c7f8932053ebe4c5231be19,v1,685cb3dbe63d7923126e44c597914c93a7bcebc83c6f6e42017dd1101f7d2c68,0.32025447919149735,2026-08-12T03:08:48.900024+00:00,True,1,CANONICAL_CV_CHAMPION_V1
EICHERMOT.NS,1add26b9ab6f,CANDIDATE,True,,True,True,True,True,COMPLETE,3fda3a4b0c6c822942edec0f2b18339dc680e27cf4e9e7af9b57d77b8a817496,v1,685cb3dbe63d7923126e44c597914c93a7bcebc83c6f6e42017dd1101f7d2c68,0.2997193224131584,2026-08-12T08:04:45.008309+00:00,False,3,CANONICAL_CV_CHAMPION_V1
ETERNAL.NS,e88bbaaef3e7,CANDIDATE,True,,True,True,True,True,COMPLETE,12568932df59f0864a3e8bab877f2e2a2afbf053409c7a0e36922fbee9b5eb08,v1,685cb3dbe63d7923126e44c597914c93a7bcebc83c6f6e42017dd1101f7d2c68,0.3225719066534807,2026-08-11T03:28:18.180083+00:00,False,3,CANONICAL_CV_CHAMPION_V1
ETERNAL.NS,95138f428631,CANDIDATE,True,,True,True,True,True,COMPLETE,d280c4d981429eee3b333feeb6698aa7ebce3f15d9a8410417949dc10b6f15b9,v1,685cb3dbe63d7923126e44c597914c93a7bcebc83c6f6e42017dd1101f7d2c68,0.3265000780459031,2026-08-12T03:10:29.813041+00:00,False,2,CANONICAL_CV_CHAMPION_V1
ETERNAL.NS,213c7cdf6b07,CANDIDATE,True,,True,True,True,True,COMPLETE,b59682d66673d0bc1e5e3aa47c6b881e93256f5edf3d388bb84558e6c5e1a72a,v1,685cb3dbe63d7923126e44c597914c93a7bcebc83c6f6e42017dd1101f7d2c68,0.3296601706993044,2026-08-12T08:05:29.100046+00:00,True,1,CANONICAL_CV_CHAMPION_V1
GRASIM.NS,bd33d236146e,CANDIDATE,True,,True,True,True,True,COMPLETE,3612c04130902fbca55498b90043c3735f44ff575d6cd60ed21a7b23926afd09,v1,685cb3dbe63d7923126e44c597914c93a7bcebc83c6f6e42017dd1101f7d2c68,0.3338204040543255,2026-08-11T03:33:37.015297+00:00,False,3,CANONICAL_CV_CHAMPION_V1
GRASIM.NS,60c64b7bac5f,CANDIDATE,True,,True,True,True,True,COMPLETE,b5a85b3b00195cd7bfea31f19f2e4f8e1c3fc1a6d17185d4a0c6a1fc04bc803e,v1,685cb3dbe63d7923126e44c597914c93a7bcebc83c6f6e42017dd1101f7d2c68,0.33525286592964504,2026-08-12T03:14:51.771767+00:00,False,2,CANONICAL_CV_CHAMPION_V1
GRASIM.NS,2c1de894a637,CANDIDATE,True,,True,True,True,True,COMPLETE,6c8c8f74487f44dae7d6c4cc29bc7d72ccb3d1b1d5b00207931771bdab1a105a,v1,685cb3dbe63d7923126e44c597914c93a7bcebc83c6f6e42017dd1101f7d2c68,0.3472435989840758,2026-08-12T08:09:14.446202+00:00,True,1,CANONICAL_CV_CHAMPION_V1
HCLTECH.NS,e3f525b6c80b,CANDIDATE,True,,True,True,True,True,COMPLETE,781b60b1501faf5a1442b494687e0a03972dd7812d778fe6ed28ffeb6bc32273,v1,685cb3dbe63d7923126e44c597914c93a7bcebc83c6f6e42017dd1101f7d2c68,0.32563641880773747,2026-08-11T03:35:27.120799+00:00,False,3,CANONICAL_CV_CHAMPION_V1
HCLTECH.NS,0897f8e186c5,CANDIDATE,True,,True,True,True,True,COMPLETE,cc7a5191011c70057b034485e1cd213a3a1bc86b3c3dac55d325d781e8737928,v1,685cb3dbe63d7923126e44c597914c93a7bcebc83c6f6e42017dd1101f7d2c68,0.3300968507616683,2026-08-12T03:16:47.900478+00:00,True,1,CANONICAL_CV_CHAMPION_V1
HCLTECH.NS,c52c57f19196,CANDIDATE,True,,True,True,True,True,COMPLETE,2dc4c78c772726b194bb62d8db77a35e148bc3475f121b441d938ef9c054452f,v1,685cb3dbe63d7923126e44c597914c93a7bcebc83c6f6e42017dd1101f7d2c68,0.32948315535645023,2026-08-12T08:11:21.974193+00:00,False,2,CANONICAL_CV_CHAMPION_V1
HDFCBANK.NS,44def814527e,CANDIDATE,True,,True,True,True,True,COMPLETE,1f7e8a89e764027a4f0de1d8e1bf3d5b981ccd1b3fd47bf32b4653a440099ed4,v1,685cb3dbe63d7923126e44c597914c93a7bcebc83c6f6e42017dd1101f7d2c68,0.3473212051433649,2026-08-11T03:38:25.634849+00:00,False,2,CANONICAL_CV_CHAMPION_V1
HDFCBANK.NS,ea91152f3700,CANDIDATE,True,,True,True,True,True,COMPLETE,9f9a771f8a1a0d247f4868b343d51a45fb9d7bdb6f67fd09821631f4ab241625,v1,685cb3dbe63d7923126e44c597914c93a7bcebc83c6f6e42017dd1101f7d2c68,0.3384093902179618,2026-08-12T03:20:07.281315+00:00,False,3,CANONICAL_CV_CHAMPION_V1
HDFCBANK.NS,4a79ab752e51,CANDIDATE,True,,True,True,True,True,COMPLETE,9de40d3b57e993827e5ae92d0ca6c81f1b5e89d304a4490b7ce15ef92ec0cb0c,v1,685cb3dbe63d7923126e44c597914c93a7bcebc83c6f6e42017dd1101f7d2c68,0.3555857626195199,2026-08-12T08:14:05.173265+00:00,True,1,CANONICAL_CV_CHAMPION_V1
HDFCLIFE.NS,41399ec09316,CANDIDATE,True,,True,True,True,True,COMPLETE,86073d009b198f1a5d85099a26f48d62cc775d25709b7e4f56bb391da29f5edf,v1,685cb3dbe63d7923126e44c597914c93a7bcebc83c6f6e42017dd1101f7d2c68,0.31497006565524777,2026-08-11T03:42:08.760066+00:00,True,1,CANONICAL_CV_CHAMPION_V1
HDFCLIFE.NS,645a8e00fc74,CANDIDATE,True,,True,True,True,True,COMPLETE,c882aa75e7e00a184440e8bcd00c7be1da4520d95d2065a5e32942f90b85b482,v1,685cb3dbe63d7923126e44c597914c93a7bcebc83c6f6e42017dd1101f7d2c68,0.30312092107428606,2026-08-12T03:25:48.935748+00:00,False,2,CANONICAL_CV_CHAMPION_V1
HDFCLIFE.NS,2a47400ee179,CANDIDATE,True,,True,True,True,True,COMPLETE,0de0ee4198b1ba18a77973bc2875bd887168e3e531ff24711a59fde70dbad720,v1,685cb3dbe63d7923126e44c597914c93a7bcebc83c6f6e42017dd1101f7d2c68,0.29216491592410065,2026-08-12T08:19:23.130794+00:00,False,3,CANONICAL_CV_CHAMPION_V1
HEROMOTOCO.NS,38319e433e38,CANDIDATE,True,,True,True,True,True,COMPLETE,262f6de88634b2f81ac6a95456b14ff2592222b547b3e0f1ea6cd1cc758ba671,v1,685cb3dbe63d7923126e44c597914c93a7bcebc83c6f6e42017dd1101f7d2c68,0.32689034350337914,2026-08-11T03:45:16.400842+00:00,False,3,CANONICAL_CV_CHAMPION_V1
HEROMOTOCO.NS,8bc8602ae09a,CANDIDATE,True,,True,True,True,True,COMPLETE,57a28f6d2dc874f54026380ea6b04d17af4bf2b9f48396c442531672ca357e5f,v1,685cb3dbe63d7923126e44c597914c93a7bcebc83c6f6e42017dd1101f7d2c68,0.3587135020564374,2026-08-12T03:29:36.291788+00:00,True,1,CANONICAL_CV_CHAMPION_V1
HEROMOTOCO.NS,50e12ce11fad,CANDIDATE,True,,True,True,True,True,COMPLETE,2a0a631e40c9c4b1592706dac41c63e8bcc91bd825e77b59e076a546b9aaad2f,v1,685cb3dbe63d7923126e44c597914c93a7bcebc83c6f6e42017dd1101f7d2c68,0.33558471675829343,2026-08-12T08:24:00.535178+00:00,False,2,CANONICAL_CV_CHAMPION_V1
HINDALCO.NS,75117f692dd8,CANDIDATE,True,,True,True,True,True,COMPLETE,9086a01df7ee9bc65c662780f23383929dde7a82a55a037d6f4af86b05a9f556,v1,685cb3dbe63d7923126e44c597914c93a7bcebc83c6f6e42017dd1101f7d2c68,0.35415470900559826,2026-08-11T03:46:22.753653+00:00,False,2,CANONICAL_CV_CHAMPION_V1
HINDALCO.NS,dbc2925e4fde,CANDIDATE,True,,True,True,True,True,COMPLETE,bb4f865ffcc3d731e31c76c71e6fc9d67af861797f84b4068b54da62e066713c,v1,685cb3dbe63d7923126e44c597914c93a7bcebc83c6f6e42017dd1101f7d2c68,0.3545553608370763,2026-08-12T03:31:09.406872+00:00,True,1,CANONICAL_CV_CHAMPION_V1
HINDALCO.NS,75c4bcd16d7e,CANDIDATE,True,,True,True,True,True,COMPLETE,2e9a4bb43bee780f8f3873e42b9a96108caf8b798ff4728a2398a013c658b4d0,v1,685cb3dbe63d7923126e44c597914c93a7bcebc83c6f6e42017dd1101f7d2c68,0.3346915855940001,2026-08-12T08:26:38.539548+00:00,False,3,CANONICAL_CV_CHAMPION_V1
HINDUNILVR.NS,cd95e34ed076,CANDIDATE,True,,True,True,True,True,COMPLETE,35da51f5ba775aa6d086f3c6c7c3e8e8db5cb17a284c557b7daa381f64e1ae65,v1,685cb3dbe63d7923126e44c597914c93a7bcebc83c6f6e42017dd1101f7d2c68,0.3732340635181399,2026-08-11T03:50:22.067966+00:00,True,1,CANONICAL_CV_CHAMPION_V1
HINDUNILVR.NS,d623ab98c5ab,CANDIDATE,True,,True,True,True,True,COMPLETE,92f679452ecc3e4ecfb2a83141576d48c9ef720d8559c444e09d7c24cac835d3,v1,685cb3dbe63d7923126e44c597914c93a7bcebc83c6f6e42017dd1101f7d2c68,0.3710611967972627,2026-08-12T03:37:56.864999+00:00,False,2,CANONICAL_CV_CHAMPION_V1
HINDUNILVR.NS,6ae4cbc68cf5,CANDIDATE,True,,True,True,True,True,COMPLETE,1e3370977a1899f3b60221d4f040f500358d389b53520ebed3bb892a3567fe3b,v1,685cb3dbe63d7923126e44c597914c93a7bcebc83c6f6e42017dd1101f7d2c68,0.36229338744987255,2026-08-12T08:33:20.778998+00:00,False,3,CANONICAL_CV_CHAMPION_V1
ICICIBANK.NS,d63609af1d97,CANDIDATE,True,,True,True,True,True,COMPLETE,8fbed7bbd585a6ac666643367c9b13acb3ad34c32521ba2cf9f03ea51e18b951,v1,685cb3dbe63d7923126e44c597914c93a7bcebc83c6f6e42017dd1101f7d2c68,0.33901812142319143,2026-08-11T03:54:28.971417+00:00,True,1,CANONICAL_CV_CHAMPION_V1
ICICIBANK.NS,42fb30971459,CANDIDATE,True,,True,True,True,True,COMPLETE,7466f9d980e66ed169c39d807e730a3c1b67aa246bbd6e6800578f5c9a230467,v1,685cb3dbe63d7923126e44c597914c93a7bcebc83c6f6e42017dd1101f7d2c68,0.3196645754016272,2026-08-12T03:42:11.834161+00:00,False,3,CANONICAL_CV_CHAMPION_V1
ICICIBANK.NS,9a90cf51924c,CANDIDATE,True,,True,True,True,True,COMPLETE,0d759628054d668245896f10f1dc43dd17b38e8801e589a0dfeedf4a91e26251,v1,685cb3dbe63d7923126e44c597914c93a7bcebc83c6f6e42017dd1101f7d2c68,0.319812260672954,2026-08-12T08:41:39.046538+00:00,False,2,CANONICAL_CV_CHAMPION_V1
INDIGO.NS,25dbcd62a57b,CANDIDATE,True,,True,True,True,True,COMPLETE,c5a7b6b070d2be0a816041a899231579abf2ba5f98cec145b54a7dfa8a4096e4,v1,685cb3dbe63d7923126e44c597914c93a7bcebc83c6f6e42017dd1101f7d2c68,0.27854298494689167,2026-08-11T03:55:49.589901+00:00,True,1,CANONICAL_CV_CHAMPION_V1
INDIGO.NS,f0e8b414f4f4,CANDIDATE,True,,True,True,True,True,COMPLETE,d99aefc391584574e781d81bf61513d1e8745e8b5ebf6a9748f138e86891d9d5,v1,685cb3dbe63d7923126e44c597914c93a7bcebc83c6f6e42017dd1101f7d2c68,0.2767202977195835,2026-08-12T03:43:54.021670+00:00,False,2,CANONICAL_CV_CHAMPION_V1
INDIGO.NS,208247af8cb1,CANDIDATE,True,,True,True,True,True,COMPLETE,0808fee3000cb7c49d7c2bebb73bdab9c115a7ec407b6512ab3d6bf48b001507,v1,685cb3dbe63d7923126e44c597914c93a7bcebc83c6f6e42017dd1101f7d2c68,0.2731588233525123,2026-08-12T08:45:05.588043+00:00,False,3,CANONICAL_CV_CHAMPION_V1
INFY.NS,ce793e4e8839,CANDIDATE,True,,True,True,True,True,COMPLETE,c55f39d4f2614f9a29918b1780b1f6e83c46bd3ba29e23a61200c61bc2c4edc7,v1,685cb3dbe63d7923126e44c597914c93a7bcebc83c6f6e42017dd1101f7d2c68,0.3491674471995493,2026-08-11T04:02:46.016275+00:00,True,1,CANONICAL_CV_CHAMPION_V1
INFY.NS,90f8d2184423,CANDIDATE,True,,True,True,True,True,COMPLETE,6589d6d32572dff67dbbc060071e94ffe45c53c3b9f43b5f397a692d84ef27bf,v1,685cb3dbe63d7923126e44c597914c93a7bcebc83c6f6e42017dd1101f7d2c68,0.34670445711857995,2026-08-12T03:47:59.663789+00:00,False,2,CANONICAL_CV_CHAMPION_V1
INFY.NS,6c549effc744,CANDIDATE,True,,True,True,True,True,COMPLETE,130fdd526a51e40562f3f673df0f82c73096ef54da819718b4a3e9d0255834c9,v1,685cb3dbe63d7923126e44c597914c93a7bcebc83c6f6e42017dd1101f7d2c68,0.34294116016164566,2026-08-12T08:51:09.309156+00:00,False,3,CANONICAL_CV_CHAMPION_V1
ITC.NS,ec7014f4e9df,CANDIDATE,True,,True,True,True,True,COMPLETE,369d0ee08825075c6acd4eca7c2d22b943818618c2a090359981f617130c42ae,v1,685cb3dbe63d7923126e44c597914c93a7bcebc83c6f6e42017dd1101f7d2c68,0.38924049122005966,2026-08-11T04:04:11.401628+00:00,False,3,CANONICAL_CV_CHAMPION_V1
ITC.NS,1ff50678cced,CANDIDATE,True,,True,True,True,True,COMPLETE,7fa4052658502b2fac4eee77f91132cb23ec5b317425c7a4431a73d153c17150,v1,685cb3dbe63d7923126e44c597914c93a7bcebc83c6f6e42017dd1101f7d2c68,0.3905427211115727,2026-08-12T03:49:14.248086+00:00,False,2,CANONICAL_CV_CHAMPION_V1
ITC.NS,dd4365c40715,CANDIDATE,True,,True,True,True,True,COMPLETE,acd1f2fa8c15c173025b85f5b6a8d31506cc33cc729aca6abd6679b59c43bf78,v1,685cb3dbe63d7923126e44c597914c93a7bcebc83c6f6e42017dd1101f7d2c68,0.3925019237351393,2026-08-12T08:52:35.443076+00:00,True,1,CANONICAL_CV_CHAMPION_V1
JIOFIN.NS,a136644c1d2e,CANDIDATE,True,,True,True,True,True,COMPLETE,dbb1f35b971c8bffa00c61e39c0b29822798132d4fecc52c46d3f6bf7825eba7,v1,685cb3dbe63d7923126e44c597914c93a7bcebc83c6f6e42017dd1101f7d2c68,0.3593897174811227,2026-08-11T04:05:27.455370+00:00,False,2,CANONICAL_CV_CHAMPION_V1
JIOFIN.NS,0d2db96d5965,CANDIDATE,True,,True,True,True,True,COMPLETE,d44d3e90c2503c0245a5e9aed0d8d05198bfb11aa63c9c8fce34f7e77be272be,v1,685cb3dbe63d7923126e44c597914c93a7bcebc83c6f6e42017dd1101f7d2c68,0.3593897174811227,2026-08-12T03:50:31.159090+00:00,True,1,CANONICAL_CV_CHAMPION_V1
JIOFIN.NS,beb622d9d178,CANDIDATE,True,,True,True,True,True,COMPLETE,53d5053c4b9faa7ce9a2dc9ca174132660acf7f2d93318e3c24259cbeb1c7604,v1,685cb3dbe63d7923126e44c597914c93a7bcebc83c6f6e42017dd1101f7d2c68,0.3118833448366234,2026-08-12T08:54:21.868077+00:00,False,3,CANONICAL_CV_CHAMPION_V1
JSWSTEEL.NS,a62a0a0f6fd9,CANDIDATE,True,,True,True,True,True,COMPLETE,cdc85c71ee01b7b687f5e16f254a8a805d7fdce4dce7d3db2e5f7c70b2cefb71,v1,685cb3dbe63d7923126e44c597914c93a7bcebc83c6f6e42017dd1101f7d2c68,0.39112254744961333,2026-08-11T04:06:50.503074+00:00,False,2,CANONICAL_CV_CHAMPION_V1
JSWSTEEL.NS,f6cbf70e626f,CANDIDATE,True,,True,True,True,True,COMPLETE,f0dab8c9b9fc1afe150b914046b3c8f89a4b6dfd57fb43e70bac55baf886d4ee,v1,685cb3dbe63d7923126e44c597914c93a7bcebc83c6f6e42017dd1101f7d2c68,0.3917800608472353,2026-08-12T03:52:16.579002+00:00,True,1,CANONICAL_CV_CHAMPION_V1
JSWSTEEL.NS,15f1cf629f57,CANDIDATE,True,,True,True,True,True,COMPLETE,c6b20cb51956e916c321e73293db2b1f6056e74d96b1ee65482e4bc9f9fb8728,v1,685cb3dbe63d7923126e44c597914c93a7bcebc83c6f6e42017dd1101f7d2c68,0.3598016425883369,2026-08-12T09:00:02.998225+00:00,False,3,CANONICAL_CV_CHAMPION_V1
KOTAKBANK.NS,ae9b42f39a04,CANDIDATE,True,,True,True,True,True,COMPLETE,727ccb1f6e5dacfc6f98106f13726897521bd27e1c9630bdaee85068da254ec2,v1,685cb3dbe63d7923126e44c597914c93a7bcebc83c6f6e42017dd1101f7d2c68,0.3628343235128878,2026-08-11T04:09:04.179175+00:00,False,3,CANONICAL_CV_CHAMPION_V1
KOTAKBANK.NS,8778f8301216,CANDIDATE,True,,True,True,True,True,COMPLETE,5a8202756403fdb593d6e55f2a3f79d69052df0cef098504f7963f2ea5ef8537,v1,685cb3dbe63d7923126e44c597914c93a7bcebc83c6f6e42017dd1101f7d2c68,0.36668029926551976,2026-08-12T03:57:28.822627+00:00,False,2,CANONICAL_CV_CHAMPION_V1
KOTAKBANK.NS,572bb63ba388,CANDIDATE,True,,True,True,True,True,COMPLETE,7d31729ae9f0b44c652fdb7bf4e8fd7fce0e8245af3cb1ff7e93ec401fab6724,v1,685cb3dbe63d7923126e44c597914c93a7bcebc83c6f6e42017dd1101f7d2c68,0.38857360859087214,2026-08-12T09:08:46.792551+00:00,True,1,CANONICAL_CV_CHAMPION_V1
LT.NS,8c272c989297,CANDIDATE,True,,True,True,True,True,COMPLETE,0004bba05746a0259a5259312b77ca56867d49f5dfe1e22e6757df01cae307b7,v1,685cb3dbe63d7923126e44c597914c93a7bcebc83c6f6e42017dd1101f7d2c68,0.4024609042059208,2026-08-11T04:14:49.377896+00:00,True,1,CANONICAL_CV_CHAMPION_V1
LT.NS,1e25cd6b3edc,CANDIDATE,True,,True,True,True,True,COMPLETE,6aac6e062a77a455d5df6f6b1a5ed2c99eeedd9c288c7538f5c1ef91186b3345,v1,685cb3dbe63d7923126e44c597914c93a7bcebc83c6f6e42017dd1101f7d2c68,0.3905411309193442,2026-08-12T04:02:43.286946+00:00,False,3,CANONICAL_CV_CHAMPION_V1
LT.NS,fffa74c6ced2,CANDIDATE,True,,True,True,True,True,COMPLETE,67c09e873ca98f17883e1321c1ca9c20c2f8419aaac0358da80b323bcc90237f,v1,685cb3dbe63d7923126e44c597914c93a7bcebc83c6f6e42017dd1101f7d2c68,0.3996989195694311,2026-08-12T09:14:55.913878+00:00,False,2,CANONICAL_CV_CHAMPION_V1
M&M.NS,0743b33ecef7,CANDIDATE,True,,True,True,True,True,COMPLETE,c3eb7d51c5da87a3eb6ff228a6dd676dc155aa508299ae66d652a18b1f8ab385,v1,685cb3dbe63d7923126e44c597914c93a7bcebc83c6f6e42017dd1101f7d2c68,0.35518306981667674,2026-08-11T04:51:25.637878+00:00,False,2,CANONICAL_CV_CHAMPION_V1
M&M.NS,558d590356df,CANDIDATE,True,,True,True,True,True,COMPLETE,c0ff096089cecb3855a82dc9fa272bdde8e20815e813c289865d466a6ffdf6f7,v1,685cb3dbe63d7923126e44c597914c93a7bcebc83c6f6e42017dd1101f7d2c68,0.34850182438333166,2026-08-12T04:07:55.665816+00:00,False,3,CANONICAL_CV_CHAMPION_V1
M&M.NS,a82ca768507c,CANDIDATE,True,,True,True,True,True,COMPLETE,289c5fd3cd8144b85777a519e87bd45388eda64658c42bb0ba11198bc63425da,v1,685cb3dbe63d7923126e44c597914c93a7bcebc83c6f6e42017dd1101f7d2c68,0.3557305101074509,2026-08-12T09:22:06.062022+00:00,True,1,CANONICAL_CV_CHAMPION_V1
MARUTI.NS,f65d66b576f5,CANDIDATE,True,,True,True,True,True,COMPLETE,57a053a62090f122b6945b5bf689f9edfae5afb6b416fb5e19aff34b5b729477,v1,685cb3dbe63d7923126e44c597914c93a7bcebc83c6f6e42017dd1101f7d2c68,0.33026545181327144,2026-08-11T04:52:10.706670+00:00,False,3,CANONICAL_CV_CHAMPION_V1
MARUTI.NS,7ef4e7eabc45,CANDIDATE,True,,True,True,True,True,COMPLETE,e366caf7401b57aa3d97e087bd38c02d30cb1325bd474b732af4e22c599f7373,v1,685cb3dbe63d7923126e44c597914c93a7bcebc83c6f6e42017dd1101f7d2c68,0.35231142360776646,2026-08-12T04:08:52.588047+00:00,True,1,CANONICAL_CV_CHAMPION_V1
MARUTI.NS,9d76042d0f88,CANDIDATE,True,,True,True,True,True,COMPLETE,a2941393fafa6302dccd9acd249325c79a13ed729ad48f1f5b9f3f715e64852f,v1,685cb3dbe63d7923126e44c597914c93a7bcebc83c6f6e42017dd1101f7d2c68,0.34482897240884675,2026-08-12T09:24:22.324896+00:00,False,2,CANONICAL_CV_CHAMPION_V1
MAXHEALTH.NS,df25620a16f2,CANDIDATE,True,,True,True,True,True,COMPLETE,7550c08ad52dcd43e2777b49a6c7c971bbb9f0a644c84c7923697796b29dd942,v1,685cb3dbe63d7923126e44c597914c93a7bcebc83c6f6e42017dd1101f7d2c68,0.409378869770259,2026-08-11T04:57:48.204598+00:00,False,2,CANONICAL_CV_CHAMPION_V1
MAXHEALTH.NS,6687bf1b01c5,CANDIDATE,True,,True,True,True,True,COMPLETE,e77ef656ec7e21465de3dd0a8a229d26d8cf2dc7bdb48c08735f4a6cb75157ed,v1,685cb3dbe63d7923126e44c597914c93a7bcebc83c6f6e42017dd1101f7d2c68,0.4075733892537703,2026-08-12T04:13:04.606355+00:00,False,3,CANONICAL_CV_CHAMPION_V1
MAXHEALTH.NS,89ccde0bb6bb,CANDIDATE,True,,True,True,True,True,COMPLETE,1742e767ae4c9db408f4db91d615f35da133d76d7774243c92d886954ba9b8da,v1,685cb3dbe63d7923126e44c597914c93a7bcebc83c6f6e42017dd1101f7d2c68,0.4270401795763311,2026-08-12T09:28:20.050809+00:00,True,1,CANONICAL_CV_CHAMPION_V1
NESTLEIND.NS,f04bde3608d3,CANDIDATE,True,,True,True,True,True,COMPLETE,7375ce28ccc28fdd3514e39ddbbf64f8664cee7786c09be65ef0a05dc5b1d7b4,v1,685cb3dbe63d7923126e44c597914c93a7bcebc83c6f6e42017dd1101f7d2c68,0.34524218281263563,2026-08-11T04:59:52.806984+00:00,True,1,CANONICAL_CV_CHAMPION_V1
NESTLEIND.NS,7aadd30cf3dd,CANDIDATE,True,,True,True,True,True,COMPLETE,6639b034758d6dcd1635404ec05948f06bc53bc04ff604c1a59f6f75e355d9a6,v1,685cb3dbe63d7923126e44c597914c93a7bcebc83c6f6e42017dd1101f7d2c68,0.34116531126591537,2026-08-12T04:14:20.055597+00:00,False,2,CANONICAL_CV_CHAMPION_V1
NESTLEIND.NS,718f85fe9370,CANDIDATE,True,,True,True,True,True,COMPLETE,2453356d12834b3caacd29ecd0b9304d1cbfbf752a533fc2edb8f39c456568b9,v1,685cb3dbe63d7923126e44c597914c93a7bcebc83c6f6e42017dd1101f7d2c68,0.3311938914771892,2026-08-12T09:30:37.009429+00:00,False,3,CANONICAL_CV_CHAMPION_V1
NTPC.NS,1f4a7d9a04b8,CANDIDATE,True,,True,True,True,True,COMPLETE,e609f2059c6758e82fafbe5bb63d81c00713f68d645d58f2a3e23f02504d0bbe,v1,685cb3dbe63d7923126e44c597914c93a7bcebc83c6f6e42017dd1101f7d2c68,0.33819970223146856,2026-08-11T05:05:32.954814+00:00,False,2,CANONICAL_CV_CHAMPION_V1
NTPC.NS,a97c5bf097c4,CANDIDATE,True,,True,True,True,True,COMPLETE,9947804f57dc6513a533564d01bd93206ff35e1934dd743543e1272e4dac3809,v1,685cb3dbe63d7923126e44c597914c93a7bcebc83c6f6e42017dd1101f7d2c68,0.3415225533702483,2026-08-12T04:17:15.265521+00:00,True,1,CANONICAL_CV_CHAMPION_V1
NTPC.NS,e850d8e39a71,CANDIDATE,True,,True,True,True,True,COMPLETE,48df128186e7e6144ae1dbcfe20ef35710d364ed5aeb2112acc8e7767b52711a,v1,685cb3dbe63d7923126e44c597914c93a7bcebc83c6f6e42017dd1101f7d2c68,0.3362228160302152,2026-08-12T09:37:40.895735+00:00,False,3,CANONICAL_CV_CHAMPION_V1
ONGC.NS,f9edf9feaee0,CANDIDATE,True,,True,True,True,True,COMPLETE,238fe12a51814e70d042dbfae15a9379960518cb1ac0d973c2b59e9ae67d5b9f,v1,685cb3dbe63d7923126e44c597914c93a7bcebc83c6f6e42017dd1101f7d2c68,0.3523151126033972,2026-08-11T05:11:33.718348+00:00,True,1,CANONICAL_CV_CHAMPION_V1
ONGC.NS,09b398bfd1df,CANDIDATE,True,,True,True,True,True,COMPLETE,fb4a4da6fc690d3f46a227dd7a6fdc7f5b5278ca87b040217c8ea8acf8914260,v1,685cb3dbe63d7923126e44c597914c93a7bcebc83c6f6e42017dd1101f7d2c68,0.3499498012016344,2026-08-12T05:09:05.652944+00:00,False,2,CANONICAL_CV_CHAMPION_V1
ONGC.NS,6c29ed4f4b31,CANDIDATE,True,,True,True,True,True,COMPLETE,322516e5cd47aa77ec010351e85c169ef3fa7dbbf0f53cad63ee2afe26cdd9ae,v1,685cb3dbe63d7923126e44c597914c93a7bcebc83c6f6e42017dd1101f7d2c68,0.34348153619202393,2026-08-12T09:42:53.132934+00:00,False,3,CANONICAL_CV_CHAMPION_V1
POWERGRID.NS,138281d5dbb0,CANDIDATE,True,,True,True,True,True,COMPLETE,35da0dd8b08fba78f1ec283de4a5838fb134238f2c258f4dc104d6ef4ff845e6,v1,685cb3dbe63d7923126e44c597914c93a7bcebc83c6f6e42017dd1101f7d2c68,0.3016144435351827,2026-08-11T05:15:33.487658+00:00,False,3,CANONICAL_CV_CHAMPION_V1
POWERGRID.NS,40b304c072b0,CANDIDATE,True,,True,True,True,True,COMPLETE,25da644c870aa8bc8c82eb73eb83b5fc43723f03c78ac719f150d3b0d8ef3a68,v1,685cb3dbe63d7923126e44c597914c93a7bcebc83c6f6e42017dd1101f7d2c68,0.310404209379872,2026-08-12T05:12:48.217931+00:00,False,2,CANONICAL_CV_CHAMPION_V1
POWERGRID.NS,baeacbd6a8ee,CANDIDATE,True,,True,True,True,True,COMPLETE,57f265bf573ae8ad22fe87235cc0319778fa05291e69ab875c52b4c70d518442,v1,685cb3dbe63d7923126e44c597914c93a7bcebc83c6f6e42017dd1101f7d2c68,0.3290959740768427,2026-08-12T09:46:28.560111+00:00,True,1,CANONICAL_CV_CHAMPION_V1
RELIANCE.NS,bc1d09c11c6c,CANDIDATE,True,,True,True,True,True,COMPLETE,3294e0e99e77a75b31cf2e3efe226b660cd1e5fe329a8b0fda3a92283ea29d4a,v1,685cb3dbe63d7923126e44c597914c93a7bcebc83c6f6e42017dd1101f7d2c68,0.33064606571353633,2026-08-12T05:14:57.022498+00:00,False,2,CANONICAL_CV_CHAMPION_V1
RELIANCE.NS,a4264ce3aa03,CANDIDATE,True,,True,True,True,True,COMPLETE,7639d42e9f266bff631fa62d767051b4f2bc7dc5dfaf71f76cd1b811f3d68f94,v1,685cb3dbe63d7923126e44c597914c93a7bcebc83c6f6e42017dd1101f7d2c68,0.3316513752771102,2026-08-12T09:47:53.839017+00:00,True,1,CANONICAL_CV_CHAMPION_V1
SBILIFE.NS,7d4e4f2083ec,CANDIDATE,True,,True,True,True,True,COMPLETE,f4bf7d03a5a0f2d7918f31c99ea8444b095fd113d724acdaf6c0e41518978a2c,v1,685cb3dbe63d7923126e44c597914c93a7bcebc83c6f6e42017dd1101f7d2c68,0.31389230790182554,2026-08-11T05:18:45.462980+00:00,False,2,CANONICAL_CV_CHAMPION_V1
SBILIFE.NS,56d64f0a6cba,CANDIDATE,True,,True,True,True,True,COMPLETE,a95ed4bbe92b6c2d89ff6bf539457640c70df021b2cef1b75c880cc96c6c4672,v1,685cb3dbe63d7923126e44c597914c93a7bcebc83c6f6e42017dd1101f7d2c68,0.3098257184674101,2026-08-12T05:17:11.723283+00:00,False,3,CANONICAL_CV_CHAMPION_V1
SBILIFE.NS,710b376617f0,CANDIDATE,True,,True,True,True,True,COMPLETE,d65d914820a33a989a7d268ea7e0169a0c7322d463cb47a4af397c47f56786c8,v1,685cb3dbe63d7923126e44c597914c93a7bcebc83c6f6e42017dd1101f7d2c68,0.3155921252423011,2026-08-12T09:50:21.680600+00:00,True,1,CANONICAL_CV_CHAMPION_V1
SBIN.NS,82097585e678,CANDIDATE,True,,True,True,True,True,COMPLETE,7017067311c4dda21510bdec7d1c9f980f98e07f989193780531efad287e3501,v1,685cb3dbe63d7923126e44c597914c93a7bcebc83c6f6e42017dd1101f7d2c68,0.33607426457716943,2026-08-11T05:22:49.020680+00:00,False,2,CANONICAL_CV_CHAMPION_V1
SBIN.NS,89800c74b7e8,CANDIDATE,True,,True,True,True,True,COMPLETE,558b42cde3945861adfc0d32324b182d19e12512accce19002547b994573feac,v1,685cb3dbe63d7923126e44c597914c93a7bcebc83c6f6e42017dd1101f7d2c68,0.3301548231343233,2026-08-12T05:28:59.474596+00:00,False,3,CANONICAL_CV_CHAMPION_V1
SBIN.NS,41efcda90bcf,CANDIDATE,True,,True,True,True,True,COMPLETE,c8938bb86354bf62cbf9de961b68bf1588aff513f1e573bcf21057155426cc72,v1,685cb3dbe63d7923126e44c597914c93a7bcebc83c6f6e42017dd1101f7d2c68,0.3398877318337237,2026-08-12T09:59:52.094516+00:00,True,1,CANONICAL_CV_CHAMPION_V1
SHRIRAMFIN.NS,c1fc54975746,CANDIDATE,True,,True,True,True,True,COMPLETE,b8e8f004e6afea0a6f134e6359ba60c0b75d47a75e905c81cc5411ca8e33030b,v1,685cb3dbe63d7923126e44c597914c93a7bcebc83c6f6e42017dd1101f7d2c68,0.31446769800684127,2026-08-11T05:24:07.701394+00:00,False,2,CANONICAL_CV_CHAMPION_V1
SHRIRAMFIN.NS,6420994a0e89,CANDIDATE,True,,True,True,True,True,COMPLETE,5751f9c4a026779e1f519bb6bff28f14dadb91f5a681fd524b79fc81295d27f4,v1,685cb3dbe63d7923126e44c597914c93a7bcebc83c6f6e42017dd1101f7d2c68,0.30874132001479143,2026-08-12T05:32:19.625977+00:00,False,3,CANONICAL_CV_CHAMPION_V1
SHRIRAMFIN.NS,0e7da5a7998c,CANDIDATE,True,,True,True,True,True,COMPLETE,ab6a46f95008fa4f9197e7d1e475f027ed16a62b083bb368e8fcb185510fd0ed,v1,685cb3dbe63d7923126e44c597914c93a7bcebc83c6f6e42017dd1101f7d2c68,0.3479060137174069,2026-08-12T10:02:36.825958+00:00,True,1,CANONICAL_CV_CHAMPION_V1
SUNPHARMA.NS,24219657af50,CANDIDATE,True,,True,True,True,True,COMPLETE,bd1f66330f34da064c0343e972cce36e2decce90f3d0caa06786c2380735e6ca,v1,685cb3dbe63d7923126e44c597914c93a7bcebc83c6f6e42017dd1101f7d2c68,0.3850799934461952,2026-08-11T05:30:40.985258+00:00,False,3,CANONICAL_CV_CHAMPION_V1
SUNPHARMA.NS,bfa8f74a2afe,CANDIDATE,True,,True,True,True,True,COMPLETE,539a96f8794d4e4b9d9ec007da155145ca6b3c514e7c1a5e64b5ebc7fef6625e,v1,685cb3dbe63d7923126e44c597914c93a7bcebc83c6f6e42017dd1101f7d2c68,0.3910100483935187,2026-08-12T05:39:59.170033+00:00,False,2,CANONICAL_CV_CHAMPION_V1
SUNPHARMA.NS,845257eace4d,CANDIDATE,True,,True,True,True,True,COMPLETE,225ed8288a5e5545b52d230fa7d7b5ff691a4880e18b2a36bfda1051b8e4e10e,v1,685cb3dbe63d7923126e44c597914c93a7bcebc83c6f6e42017dd1101f7d2c68,0.3973918166197006,2026-08-12T10:08:15.785637+00:00,True,1,CANONICAL_CV_CHAMPION_V1
TATACONSUM.NS,a52809467ad6,CANDIDATE,True,,True,True,True,True,COMPLETE,113d38853963386a963e5227d9900fa3e1054d53a01e7fbdb5a72bc5b66de7f6,v1,685cb3dbe63d7923126e44c597914c93a7bcebc83c6f6e42017dd1101f7d2c68,0.30014307869294254,2026-08-11T05:32:26.933967+00:00,False,3,CANONICAL_CV_CHAMPION_V1
TATACONSUM.NS,241b68c2c661,CANDIDATE,True,,True,True,True,True,COMPLETE,75ec2a86364b3e6a283ae49b017beb5c5b45bd455d67de46a3389331b0577934,v1,685cb3dbe63d7923126e44c597914c93a7bcebc83c6f6e42017dd1101f7d2c68,0.31764870544148305,2026-08-12T05:43:40.983581+00:00,True,1,CANONICAL_CV_CHAMPION_V1
TATACONSUM.NS,4d67a31ef2d1,CANDIDATE,True,,True,True,True,True,COMPLETE,a75ba4df4297f4860c0bb96d62078effd616c0f9c41b4fc863f3e4d9cf1537d7,v1,685cb3dbe63d7923126e44c597914c93a7bcebc83c6f6e42017dd1101f7d2c68,0.31320506957967686,2026-08-12T10:10:53.417190+00:00,False,2,CANONICAL_CV_CHAMPION_V1
TATASTEEL.NS,b6ad42ab4e15,CANDIDATE,True,,True,True,True,True,COMPLETE,c328ff7a6aa85558ef7b53861facf0e135a45d97387ea17bdb98d395b905415d,v1,685cb3dbe63d7923126e44c597914c93a7bcebc83c6f6e42017dd1101f7d2c68,0.43834655457927163,2026-08-11T05:34:54.456580+00:00,True,1,CANONICAL_CV_CHAMPION_V1
TATASTEEL.NS,182b9748cbf7,CANDIDATE,True,,True,True,True,True,COMPLETE,f75108c674f6e614826e22319f2eec14f3c5842567ae7ad452d137a388b1a4ab,v1,685cb3dbe63d7923126e44c597914c93a7bcebc83c6f6e42017dd1101f7d2c68,0.4160576325137072,2026-08-12T05:49:56.904873+00:00,False,2,CANONICAL_CV_CHAMPION_V1
TATASTEEL.NS,6b0ec6e931d3,CANDIDATE,True,,True,True,True,True,COMPLETE,e31da57fc6447c985ab4e6328f4b4ea140f215bc2697509e496c15ff564df18d,v1,685cb3dbe63d7923126e44c597914c93a7bcebc83c6f6e42017dd1101f7d2c68,0.4031162704702482,2026-08-12T10:15:44.119749+00:00,False,3,CANONICAL_CV_CHAMPION_V1
TCS.NS,40b61a24a045,CANDIDATE,True,,True,True,True,True,COMPLETE,998556da28db60d26936387db340440201fcd3f237eacd6137a2355cab281da9,v1,685cb3dbe63d7923126e44c597914c93a7bcebc83c6f6e42017dd1101f7d2c68,0.35461077934980034,2026-08-11T05:36:27.983401+00:00,False,2,CANONICAL_CV_CHAMPION_V1
TCS.NS,68df90ea3a2f,CANDIDATE,True,,True,True,True,True,COMPLETE,9f613c0fa3839e7b5de0a7bb271bfa136ee81352e7701574099e7afafbbc63e0,v1,685cb3dbe63d7923126e44c597914c93a7bcebc83c6f6e42017dd1101f7d2c68,0.3601345615524604,2026-08-12T05:53:14.759816+00:00,True,1,CANONICAL_CV_CHAMPION_V1
TCS.NS,39f892ad8a37,CANDIDATE,True,,True,True,True,True,COMPLETE,d11d98e6eb191d188fbdbf1addd75c1e598986fb0088a92da3f75d6e49c322c2,v1,685cb3dbe63d7923126e44c597914c93a7bcebc83c6f6e42017dd1101f7d2c68,0.3490534176581823,2026-08-12T10:17:30.590776+00:00,False,3,CANONICAL_CV_CHAMPION_V1
TECHM.NS,e252ca12ff9b,CANDIDATE,True,,True,True,True,True,COMPLETE,924d0f89ad3282e148bbd1a401371c1888109967e1c4e0da8cc651853a0191f1,v1,685cb3dbe63d7923126e44c597914c93a7bcebc83c6f6e42017dd1101f7d2c68,0.3358184339806028,2026-08-11T05:42:42.809034+00:00,False,3,CANONICAL_CV_CHAMPION_V1
TECHM.NS,5011305981a8,CANDIDATE,True,,True,True,True,True,COMPLETE,f1d2fcd93a6db251bbb51570505b6402009a09ea5410fda998ee112ffb4abf61,v1,685cb3dbe63d7923126e44c597914c93a7bcebc83c6f6e42017dd1101f7d2c68,0.3365967668224758,2026-08-12T05:59:39.068500+00:00,False,2,CANONICAL_CV_CHAMPION_V1
TECHM.NS,44f46805464f,CANDIDATE,True,,True,True,True,True,COMPLETE,99f226d651af948cd0227fc7967efb008d34ffdd7d1de917f238af824d6e1bb3,v1,685cb3dbe63d7923126e44c597914c93a7bcebc83c6f6e42017dd1101f7d2c68,0.3448844451099291,2026-08-12T10:21:07.743549+00:00,True,1,CANONICAL_CV_CHAMPION_V1
TITAN.NS,f22de148c0b9,CANDIDATE,True,,True,True,True,True,COMPLETE,bae903d2c6bbb6461d667ca5fd56b9aeef03b858bd8c4553d11b6487114f11bb,v1,685cb3dbe63d7923126e44c597914c93a7bcebc83c6f6e42017dd1101f7d2c68,0.33319756208931955,2026-08-11T05:47:32.239576+00:00,True,1,CANONICAL_CV_CHAMPION_V1
TITAN.NS,67c0dc7422a2,CANDIDATE,True,,True,True,True,True,COMPLETE,7adcd403f65642699130a3a4c1df73f956a2ea3a62b343acf18e6f4f3b9d6bb9,v1,685cb3dbe63d7923126e44c597914c93a7bcebc83c6f6e42017dd1101f7d2c68,0.3197420607146396,2026-08-12T06:02:41.878648+00:00,False,2,CANONICAL_CV_CHAMPION_V1
TITAN.NS,c62d01aa5314,CANDIDATE,True,,True,True,True,True,COMPLETE,a55b83344494e575d11af5280efb6e8bd9277dbb8a4d144134360fd19d9b6c6c,v1,685cb3dbe63d7923126e44c597914c93a7bcebc83c6f6e42017dd1101f7d2c68,0.30685523514449903,2026-08-12T10:27:05.098194+00:00,False,3,CANONICAL_CV_CHAMPION_V1
TRENT.NS,8dd0db56b45b,CANDIDATE,True,,True,True,True,True,COMPLETE,52d054d66ecd248a50911a10efb4c10f26107c592f5ac517ce74ed52d6e35e53,v1,685cb3dbe63d7923126e44c597914c93a7bcebc83c6f6e42017dd1101f7d2c68,0.2513118048805093,2026-08-11T05:48:59.255419+00:00,True,1,CANONICAL_CV_CHAMPION_V1
TRENT.NS,67fe9e438970,CANDIDATE,True,,True,True,True,True,COMPLETE,6f6abf3f12828bf0015a23c7390977a6b87a566f33823fc3497fed7207c05ed6,v1,685cb3dbe63d7923126e44c597914c93a7bcebc83c6f6e42017dd1101f7d2c68,0.2507100108625529,2026-08-12T06:03:54.294136+00:00,False,2,CANONICAL_CV_CHAMPION_V1
TRENT.NS,9106deb806b5,CANDIDATE,True,,True,True,True,True,COMPLETE,a45ccb57f0fe970272f81267c7c89ac21878f371afc239244bf5d48cf5a52d5a,v1,685cb3dbe63d7923126e44c597914c93a7bcebc83c6f6e42017dd1101f7d2c68,0.24581572159705942,2026-08-12T10:28:29.121079+00:00,False,3,CANONICAL_CV_CHAMPION_V1
ULTRACEMCO.NS,2b6d15d443e9,CANDIDATE,True,,True,True,True,True,COMPLETE,f8f3e2d64ed30a76e17f48c4e3a596dd052afe65aec05ac6140842c81bcc4f06,v1,685cb3dbe63d7923126e44c597914c93a7bcebc83c6f6e42017dd1101f7d2c68,0.37245419290698234,2026-08-11T05:52:49.759995+00:00,False,2,CANONICAL_CV_CHAMPION_V1
ULTRACEMCO.NS,8755f4b0285f,CANDIDATE,True,,True,True,True,True,COMPLETE,909c1c071fde9c69d31c99720007fa1f379b7215d6a5d3de4b56db5bea27011c,v1,685cb3dbe63d7923126e44c597914c93a7bcebc83c6f6e42017dd1101f7d2c68,0.38428402325509886,2026-08-12T06:07:02.872890+00:00,True,1,CANONICAL_CV_CHAMPION_V1
ULTRACEMCO.NS,2c6e05607985,CANDIDATE,True,,True,True,True,True,COMPLETE,e2a917de3126e13de14131aecf6c99463b28987aa991f57fefbef7885e12c8eb,v1,685cb3dbe63d7923126e44c597914c93a7bcebc83c6f6e42017dd1101f7d2c68,0.3685897750958065,2026-08-12T10:32:29.819589+00:00,False,3,CANONICAL_CV_CHAMPION_V1
WIPRO.NS,9ff5cf2a14aa,CANDIDATE,True,,True,True,True,True,COMPLETE,79c761ac114c0bc083506cf859ea6905b987c538cc668ec041657e3ddd3513ac,v1,685cb3dbe63d7923126e44c597914c93a7bcebc83c6f6e42017dd1101f7d2c68,0.3472146350114919,2026-08-11T05:55:39.677599+00:00,False,3,CANONICAL_CV_CHAMPION_V1
WIPRO.NS,1999ed4012b1,CANDIDATE,True,,True,True,True,True,COMPLETE,80a319bf13082caf6b0c2aab93e5a5b1d294102ad4ce4dc24ffaf5129b38c735,v1,685cb3dbe63d7923126e44c597914c93a7bcebc83c6f6e42017dd1101f7d2c68,0.3513692942429236,2026-08-12T06:12:17.754525+00:00,False,2,CANONICAL_CV_CHAMPION_V1
WIPRO.NS,6873fcb78722,CANDIDATE,True,,True,True,True,True,COMPLETE,8f581dd01e509bfd022e78b51835c7350c6b6f95e9163f277326d02128a45286,v1,685cb3dbe63d7923126e44c597914c93a7bcebc83c6f6e42017dd1101f7d2c68,0.36967382648437297,2026-08-12T10:37:26.850598+00:00,True,1,CANONICAL_CV_CHAMPION_V1
