ticker,candidate_count,eligible_candidate_count,selected_version,selected_cv_score,selected_trained_at,selection_status,selection_reason,excluded_candidate_versions,excluded_candidate_reasons,policy_version
ADANIENT.NS,3,3,3c7a4a5ae14c,0.3875932267597147,2026-08-11T02:24:20.275427+00:00,SELECTED,Highest CV score,66c2ef3e02d0;02396567e184,Lower rank or ineligible,CANONICAL_CV_CHAMPION_V1
ADANIPORTS.NS,3,3,b93ab9691be4,0.3297875129790172,2026-08-12T06:46:46.047599+00:00,SELECTED,Highest CV score,dd85a7190418;06bc74a2363f,Lower rank or ineligible,CANONICAL_CV_CHAMPION_V1
APOLLOHOSP.NS,3,3,a0bd0b468e8b,0.3248009428062247,2026-08-12T02:23:51.763473+00:00,SELECTED,Highest CV score,cbe6d8ee7790;05ede10abd64,Lower rank or ineligible,CANONICAL_CV_CHAMPION_V1
ASIANPAINT.NS,3,3,e6259388a183,0.34367921252244915,2026-08-12T06:54:40.205191+00:00,SELECTED,Highest CV score,fc03c2cbd1c4;4824c1b99db7,Lower rank or ineligible,CANONICAL_CV_CHAMPION_V1
AXISBANK.NS,3,3,c5887408a2bd,0.3709348447160547,2026-08-11T02:49:27.603105+00:00,SELECTED,Highest CV score,c9b756f77ab8;6714ad67d111,Lower rank or ineligible,CANONICAL_CV_CHAMPION_V1
BAJAJ-AUTO.NS,3,3,4ead6a75dc12,0.2985209507186804,2026-08-11T02:53:07.260860+00:00,SELECTED,Highest CV score,48c2a43dffff;db9e0769b1d1,Lower rank or ineligible,CANONICAL_CV_CHAMPION_V1
BAJFINANCE.NS,3,3,433d0ad7ddca,0.3667604555612217,2026-08-11T02:55:52.455129+00:00,SELECTED,Highest CV score,397cf26016b6;19fd01804fed,Lower rank or ineligible,CANONICAL_CV_CHAMPION_V1
BAJAJFINSV.NS,3,3,d7782e81c688,0.33015692338552116,2026-08-11T02:58:48.859142+00:00,SELECTED,Highest CV score,d1602b7bb0cc;550436d37c2e,Lower rank or ineligible,CANONICAL_CV_CHAMPION_V1
BEL.NS,3,3,5c1ff0aa0aad,0.30951502449043006,2026-08-11T03:03:12.551150+00:00,SELECTED,Highest CV score,d531ce73163b;5cc7f5c36428,Lower rank or ineligible,CANONICAL_CV_CHAMPION_V1
BHARTIARTL.NS,3,3,1db6ff197a40,0.31832330168990447,2026-08-12T07:30:04.668027+00:00,SELECTED,Highest CV score,54da001749a5;909066bc44c9,Lower rank or ineligible,CANONICAL_CV_CHAMPION_V1
BRITANNIA.NS,3,3,b4951f71a6bf,0.3808784415888023,2026-08-12T02:54:10.410644+00:00,SELECTED,Highest CV score,fd8d23128b94;75a51f014587,Lower rank or ineligible,CANONICAL_CV_CHAMPION_V1
CIPLA.NS,3,3,91f547418e28,0.3106231507934906,2026-08-12T02:58:21.593787+00:00,SELECTED,Highest CV score,4667a453f22d;a133bb37aed0,Lower rank or ineligible,CANONICAL_CV_CHAMPION_V1
COALINDIA.NS,3,3,34ba065a209a,0.32632784923224734,2026-08-11T03:18:48.160412+00:00,SELECTED,Highest CV score,8c000efaacb2;174fb1f190ff,Lower rank or ineligible,CANONICAL_CV_CHAMPION_V1
DRREDDY.NS,3,3,776e48979a61,0.33313379041500485,2026-08-11T03:22:52.490074+00:00,SELECTED,Highest CV score,2ac38559612d;7210d4a2ac7f,Lower rank or ineligible,CANONICAL_CV_CHAMPION_V1
EICHERMOT.NS,3,3,f4fcbc8ea09b,0.32025447919149735,2026-08-12T03:08:48.900024+00:00,SELECTED,Highest CV score,cebb182a5b8f;1add26b9ab6f,Lower rank or ineligible,CANONICAL_CV_CHAMPION_V1
ETERNAL.NS,3,3,213c7cdf6b07,0.3296601706993044,2026-08-12T08:05:29.100046+00:00,SELECTED,Highest CV score,e88bbaaef3e7;95138f428631,Lower rank or ineligible,CANONICAL_CV_CHAMPION_V1
GRASIM.NS,3,3,2c1de894a637,0.3472435989840758,2026-08-12T08:09:14.446202+00:00,SELECTED,Highest CV score,bd33d236146e;60c64b7bac5f,Lower rank or ineligible,CANONICAL_CV_CHAMPION_V1
HCLTECH.NS,3,3,0897f8e186c5,0.3300968507616683,2026-08-12T03:16:47.900478+00:00,SELECTED,Highest CV score,e3f525b6c80b;c52c57f19196,Lower rank or ineligible,CANONICAL_CV_CHAMPION_V1
HDFCBANK.NS,3,3,4a79ab752e51,0.3555857626195199,2026-08-12T08:14:05.173265+00:00,SELECTED,Highest CV score,44def814527e;ea91152f3700,Lower rank or ineligible,CANONICAL_CV_CHAMPION_V1
HDFCLIFE.NS,3,3,41399ec09316,0.31497006565524777,2026-08-11T03:42:08.760066+00:00,SELECTED,Highest CV score,645a8e00fc74;2a47400ee179,Lower rank or ineligible,CANONICAL_CV_CHAMPION_V1
HEROMOTOCO.NS,3,3,8bc8602ae09a,0.3587135020564374,2026-08-12T03:29:36.291788+00:00,SELECTED,Highest CV score,38319e433e38;50e12ce11fad,Lower rank or ineligible,CANONICAL_CV_CHAMPION_V1
HINDALCO.NS,3,3,dbc2925e4fde,0.3545553608370763,2026-08-12T03:31:09.406872+00:00,SELECTED,Highest CV score,75117f692dd8;75c4bcd16d7e,Lower rank or ineligible,CANONICAL_CV_CHAMPION_V1
HINDUNILVR.NS,3,3,cd95e34ed076,0.3732340635181399,2026-08-11T03:50:22.067966+00:00,SELECTED,Highest CV score,d623ab98c5ab;6ae4cbc68cf5,Lower rank or ineligible,CANONICAL_CV_CHAMPION_V1
ICICIBANK.NS,3,3,d63609af1d97,0.33901812142319143,2026-08-11T03:54:28.971417+00:00,SELECTED,Highest CV score,42fb30971459;9a90cf51924c,Lower rank or ineligible,CANONICAL_CV_CHAMPION_V1
INDIGO.NS,3,3,25dbcd62a57b,0.27854298494689167,2026-08-11T03:55:49.589901+00:00,SELECTED,Highest CV score,f0e8b414f4f4;208247af8cb1,Lower rank or ineligible,CANONICAL_CV_CHAMPION_V1
INFY.NS,3,3,ce793e4e8839,0.3491674471995493,2026-08-11T04:02:46.016275+00:00,SELECTED,Highest CV score,90f8d2184423;6c549effc744,Lower rank or ineligible,CANONICAL_CV_CHAMPION_V1
ITC.NS,3,3,dd4365c40715,0.3925019237351393,2026-08-12T08:52:35.443076+00:00,SELECTED,Highest CV score,ec7014f4e9df;1ff50678cced,Lower rank or ineligible,CANONICAL_CV_CHAMPION_V1
JIOFIN.NS,3,3,0d2db96d5965,0.3593897174811227,2026-08-12T03:50:31.159090+00:00,SELECTED,Highest CV score,a136644c1d2e;beb622d9d178,Lower rank or ineligible,CANONICAL_CV_CHAMPION_V1
JSWSTEEL.NS,3,3,f6cbf70e626f,0.3917800608472353,2026-08-12T03:52:16.579002+00:00,SELECTED,Highest CV score,a62a0a0f6fd9;15f1cf629f57,Lower rank or ineligible,CANONICAL_CV_CHAMPION_V1
KOTAKBANK.NS,3,3,572bb63ba388,0.38857360859087214,2026-08-12T09:08:46.792551+00:00,SELECTED,Highest CV score,ae9b42f39a04;8778f8301216,Lower rank or ineligible,CANONICAL_CV_CHAMPION_V1
LT.NS,3,3,8c272c989297,0.4024609042059208,2026-08-11T04:14:49.377896+00:00,SELECTED,Highest CV score,1e25cd6b3edc;fffa74c6ced2,Lower rank or ineligible,CANONICAL_CV_CHAMPION_V1
M&M.NS,3,3,a82ca768507c,0.3557305101074509,2026-08-12T09:22:06.062022+00:00,SELECTED,Highest CV score,0743b33ecef7;558d590356df,Lower rank or ineligible,CANONICAL_CV_CHAMPION_V1
MARUTI.NS,3,3,7ef4e7eabc45,0.35231142360776646,2026-08-12T04:08:52.588047+00:00,SELECTED,Highest CV score,f65d66b576f5;9d76042d0f88,Lower rank or ineligible,CANONICAL_CV_CHAMPION_V1
MAXHEALTH.NS,3,3,89ccde0bb6bb,0.4270401795763311,2026-08-12T09:28:20.050809+00:00,SELECTED,Highest CV score,df25620a16f2;6687bf1b01c5,Lower rank or ineligible,CANONICAL_CV_CHAMPION_V1
NESTLEIND.NS,3,3,f04bde3608d3,0.34524218281263563,2026-08-11T04:59:52.806984+00:00,SELECTED,Highest CV score,7aadd30cf3dd;718f85fe9370,Lower rank or ineligible,CANONICAL_CV_CHAMPION_V1
NTPC.NS,3,3,a97c5bf097c4,0.3415225533702483,2026-08-12T04:17:15.265521+00:00,SELECTED,Highest CV score,1f4a7d9a04b8;e850d8e39a71,Lower rank or ineligible,CANONICAL_CV_CHAMPION_V1
ONGC.NS,3,3,f9edf9feaee0,0.3523151126033972,2026-08-11T05:11:33.718348+00:00,SELECTED,Highest CV score,09b398bfd1df;6c29ed4f4b31,Lower rank or ineligible,CANONICAL_CV_CHAMPION_V1
POWERGRID.NS,3,3,baeacbd6a8ee,0.3290959740768427,2026-08-12T09:46:28.560111+00:00,SELECTED,Highest CV score,138281d5dbb0;40b304c072b0,Lower rank or ineligible,CANONICAL_CV_CHAMPION_V1
RELIANCE.NS,2,2,a4264ce3aa03,0.3316513752771102,2026-08-12T09:47:53.839017+00:00,SELECTED,Highest CV score,bc1d09c11c6c,Lower rank or ineligible,CANONICAL_CV_CHAMPION_V1
SBILIFE.NS,3,3,710b376617f0,0.3155921252423011,2026-08-12T09:50:21.680600+00:00,SELECTED,Highest CV score,7d4e4f2083ec;56d64f0a6cba,Lower rank or ineligible,CANONICAL_CV_CHAMPION_V1
SBIN.NS,3,3,41efcda90bcf,0.3398877318337237,2026-08-12T09:59:52.094516+00:00,SELECTED,Highest CV score,82097585e678;89800c74b7e8,Lower rank or ineligible,CANONICAL_CV_CHAMPION_V1
SHRIRAMFIN.NS,3,3,0e7da5a7998c,0.3479060137174069,2026-08-12T10:02:36.825958+00:00,SELECTED,Highest CV score,c1fc54975746;6420994a0e89,Lower rank or ineligible,CANONICAL_CV_CHAMPION_V1
SUNPHARMA.NS,3,3,845257eace4d,0.3973918166197006,2026-08-12T10:08:15.785637+00:00,SELECTED,Highest CV score,24219657af50;bfa8f74a2afe,Lower rank or ineligible,CANONICAL_CV_CHAMPION_V1
TATACONSUM.NS,3,3,241b68c2c661,0.31764870544148305,2026-08-12T05:43:40.983581+00:00,SELECTED,Highest CV score,a52809467ad6;4d67a31ef2d1,Lower rank or ineligible,CANONICAL_CV_CHAMPION_V1
TATASTEEL.NS,3,3,b6ad42ab4e15,0.43834655457927163,2026-08-11T05:34:54.456580+00:00,SELECTED,Highest CV score,182b9748cbf7;6b0ec6e931d3,Lower rank or ineligible,CANONICAL_CV_CHAMPION_V1
TCS.NS,3,3,68df90ea3a2f,0.3601345615524604,2026-08-12T05:53:14.759816+00:00,SELECTED,Highest CV score,40b61a24a045;39f892ad8a37,Lower rank or ineligible,CANONICAL_CV_CHAMPION_V1
TECHM.NS,3,3,44f46805464f,0.3448844451099291,2026-08-12T10:21:07.743549+00:00,SELECTED,Highest CV score,e252ca12ff9b;5011305981a8,Lower rank or ineligible,CANONICAL_CV_CHAMPION_V1
TITAN.NS,3,3,f22de148c0b9,0.33319756208931955,2026-08-11T05:47:32.239576+00:00,SELECTED,Highest CV score,67c0dc7422a2;c62d01aa5314,Lower rank or ineligible,CANONICAL_CV_CHAMPION_V1
TRENT.NS,3,3,8dd0db56b45b,0.2513118048805093,2026-08-11T05:48:59.255419+00:00,SELECTED,Highest CV score,67fe9e438970;9106deb806b5,Lower rank or ineligible,CANONICAL_CV_CHAMPION_V1
ULTRACEMCO.NS,3,3,8755f4b0285f,0.38428402325509886,2026-08-12T06:07:02.872890+00:00,SELECTED,Highest CV score,2b6d15d443e9;2c6e05607985,Lower rank or ineligible,CANONICAL_CV_CHAMPION_V1
WIPRO.NS,3,3,6873fcb78722,0.36967382648437297,2026-08-12T10:37:26.850598+00:00,SELECTED,Highest CV score,9ff5cf2a14aa;1999ed4012b1,Lower rank or ineligible,CANONICAL_CV_CHAMPION_V1
