Date,Open,High,Low,Close
2020-07-02,5.848,5.848,5.821,5.841
2020-07-03,5.853,5.873,5.845,5.845
2020-07-06,5.851,5.851,5.825,5.836
2020-07-07,5.836,5.846,5.792,5.793
2020-07-08,5.802,5.802,5.76,5.778
2020-07-09,5.764,5.794,5.764,5.772
2020-07-10,5.77,5.773,5.747,5.76
2020-07-13,5.78,5.787,5.77,5.786
2020-07-14,5.822,5.847,5.796,5.825
2020-07-15,5.817,5.825,5.815,5.815
2020-07-16,5.828,5.828,5.808,5.813
2020-07-17,5.822,5.829,5.795,5.805
2020-07-20,5.812,5.818,5.794,5.801
2020-07-21,5.814,5.829,5.795,5.829
2020-07-22,5.841,5.841,5.814,5.814
2020-07-23,5.825,5.825,5.805,5.805
2020-07-24,5.815,5.825,5.8,5.817
2020-07-27,5.835,5.86,5.813,5.859
2020-07-28,5.889,5.889,5.85,5.85
2020-07-29,5.87,5.87,5.832,5.835
2020-07-30,5.852,5.852,5.819,5.825
2020-07-31,5.833,5.845,5.814,5.837
2020-08-03,5.846,5.848,5.836,5.837
2020-08-04,5.855,5.855,5.823,5.833
2020-08-05,5.84,5.84,5.824,5.826
2020-08-06,5.834,5.887,5.808,5.862
2020-08-07,5.879,5.893,5.868,5.886
2020-08-10,5.91,5.916,5.893,5.893
2020-08-11,5.91,5.91,5.885,5.903
2020-08-12,5.922,5.926,5.88,5.884
2020-08-13,5.885,5.898,5.876,5.895
2020-08-14,5.993,5.993,5.934,5.965
2020-08-17,6.004,6.004,5.96,5.975
2020-08-18,5.991,5.994,5.975,5.986
2020-08-19,5.993,6.01,5.993,6.008
2020-08-20,6.013,6.013,5.994,6
2020-08-21,6.047,6.144,6.034,6.14
2020-08-24,6.182,6.231,6.152,6.221
2020-08-25,6.14,6.172,6.124,6.157
2020-08-26,6.184,6.209,6.142,6.203
2020-08-27,6.201,6.201,6.143,6.147
2020-08-28,6.187,6.192,6.096,6.097
2020-08-31,6.117,6.117,6.071,6.078
2020-09-01,5.949,5.961,5.934,5.943
2020-09-02,5.957,5.957,5.918,5.92
2020-09-03,5.919,5.919,5.885,5.896
2020-09-04,5.91,5.944,5.896,5.93
2020-09-07,5.953,5.995,5.951,5.993
2020-09-08,6.039,6.06,6.011,6.056
2020-09-09,6.081,6.081,5.983,5.989
2020-09-10,5.998,6.053,5.985,6.053
2020-09-11,6.109,6.109,6.017,6.041
2020-09-14,6.074,6.074,6.026,6.031
2020-09-15,6.045,6.045,6.014,6.029
2020-09-16,6.046,6.046,5.992,5.995
2020-09-17,5.999,6.011,5.981,6.011
2020-09-18,6.028,6.028,5.991,6.014
2020-09-21,6.027,6.027,6.005,6.016
2020-09-22,6.027,6.027,5.991,5.996
2020-09-23,5.996,6.003,5.989,5.99
2020-09-24,6.027,6.027,5.981,5.992
2020-09-25,6.041,6.041,6.003,6.038
2020-09-28,6.068,6.079,6.042,6.056
2020-09-29,6.069,6.073,6.038,6.042
2020-09-30,6.057,6.057,6.012,6.015
2020-10-01,5.965,6.006,5.965,5.996
2020-10-05,6.018,6.018,5.989,6.004
2020-10-06,6.026,6.026,6.016,6.026
2020-10-07,6.032,6.032,6.008,6.014
2020-10-08,6.025,6.029,6.012,6.015
2020-10-09,6.042,6.042,5.92,5.937
2020-10-12,5.945,5.945,5.889,5.899
2020-10-13,5.925,5.925,5.888,5.904
2020-10-14,5.918,5.918,5.895,5.9
2020-10-15,5.911,5.911,5.888,5.898
2020-10-16,5.944,5.944,5.91,5.935
2020-10-19,5.932,5.944,5.921,5.937
2020-10-20,5.95,5.95,5.929,5.931
2020-10-21,5.947,5.947,5.912,5.912
2020-10-22,5.913,5.918,5.903,5.915
2020-10-23,5.898,5.898,5.844,5.844
2020-10-26,5.819,5.846,5.812,5.834
2020-10-27,5.849,5.86,5.83,5.846
2020-10-28,5.849,5.862,5.83,5.859
2020-10-29,5.874,5.886,5.852,5.881
2020-11-02,5.89,5.896,5.877,5.89
2020-11-03,5.888,5.914,5.888,5.898
2020-11-04,5.896,5.896,5.876,5.886
2020-11-05,5.883,5.883,5.855,5.858
2020-11-06,5.846,5.873,5.837,5.871
2020-11-09,5.883,5.886,5.874,5.876
2020-11-10,5.908,5.916,5.899,5.916
2020-11-11,5.936,5.936,5.901,5.903
2020-11-12,5.923,5.923,5.903,5.903
2020-11-13,5.915,5.915,5.878,5.878
2020-11-17,5.888,5.888,5.866,5.877
2020-11-18,5.865,5.881,5.865,5.878
2020-11-19,5.891,5.891,5.873,5.876
2020-11-20,5.874,5.882,5.871,5.877
2020-11-23,5.883,5.903,5.874,5.9
2020-11-24,5.913,5.913,5.879,5.88
2020-11-25,5.902,5.902,5.876,5.885
2020-11-26,5.895,5.895,5.869,5.872
2020-11-27,5.888,5.916,5.884,5.911
2020-12-01,5.919,5.93,5.909,5.93
2020-12-02,5.951,5.951,5.919,5.92
2020-12-03,5.933,5.935,5.912,5.932
2020-12-04,5.933,5.933,5.888,5.897
2020-12-07,5.908,5.929,5.906,5.924
2020-12-08,5.932,5.942,5.918,5.939
2020-12-09,5.947,5.951,5.907,5.917
2020-12-10,5.913,5.918,5.898,5.916
2020-12-11,5.943,5.96,5.92,5.956
2020-12-14,5.97,5.97,5.935,5.946
2020-12-15,5.926,5.949,5.923,5.943
2020-12-16,5.948,5.953,5.94,5.944
2020-12-17,5.955,5.955,5.938,5.952
2020-12-18,5.952,5.979,5.95,5.959
2020-12-21,5.962,5.974,5.952,5.957
2020-12-22,5.966,5.966,5.939,5.951
2020-12-23,5.951,5.953,5.944,5.95
2020-12-24,5.973,5.981,5.929,5.929
2020-12-28,5.918,5.928,5.918,5.925
2020-12-29,5.935,5.935,5.925,5.927
2020-12-30,5.933,5.933,5.9,5.9
2020-12-31,5.905,5.905,5.887,5.894
2021-01-01,5.905,5.905,5.888,5.898
2021-01-04,5.904,5.905,5.858,5.858
2021-01-05,5.856,5.858,5.839,5.85
2021-01-06,5.88,5.912,5.88,5.894
2021-01-07,5.906,5.912,5.891,5.892
2021-01-08,5.878,5.901,5.876,5.892
2021-01-11,5.946,5.946,5.917,5.924
2021-01-12,5.937,5.937,5.919,5.931
2021-01-13,5.916,5.947,5.914,5.947
2021-01-14,5.955,5.955,5.925,5.927
2021-01-15,5.959,5.988,5.942,5.988
2021-01-18,5.965,5.986,5.953,5.958
2021-01-19,5.963,5.963,5.933,5.936
2021-01-20,5.942,5.945,5.931,5.942
2021-01-21,5.942,5.957,5.931,5.956
2021-01-22,5.97,5.973,5.936,5.939
2021-01-25,5.939,5.954,5.934,5.954
2021-01-27,5.961,5.961,5.943,5.954
2021-01-28,5.955,5.955,5.933,5.933
2021-01-29,5.946,5.951,5.936,5.948
2021-02-01,5.917,6.071,5.888,6.06
2021-02-02,6.088,6.134,6.08,6.127
2021-02-03,6.136,6.136,6.082,6.084
2021-02-04,6.094,6.094,6.058,6.067
2021-02-05,6.088,6.153,6.054,6.071
2021-02-08,6.078,6.078,6.033,6.04
2021-02-09,6.095,6.099,6.072,6.074
2021-02-10,6.073,6.073,6.01,6.01
2021-02-11,6.015,6.023,5.962,5.962
2021-02-12,5.952,5.995,5.951,5.99
2021-02-15,6.019,6.026,6.002,6.022
2021-02-16,6.033,6.04,6.018,6.026
2021-02-17,6.047,6.047,6.018,6.03
2021-02-18,6.033,6.137,6.028,6.132
2021-02-22,6.192,6.212,6.182,6.202
2021-02-23,6.207,6.207,6.16,6.172
2021-02-24,6.172,6.172,6.141,6.147
2021-02-25,6.173,6.185,6.149,6.182
2021-02-26,6.215,6.242,6.201,6.229
2021-03-01,6.236,6.236,6.195,6.209
2021-03-02,6.208,6.236,6.188,6.236
2021-03-03,6.242,6.246,6.219,6.238
2021-03-04,6.258,6.258,6.212,6.212
2021-03-05,6.214,6.233,6.204,6.215
2021-03-08,6.244,6.245,6.208,6.223
2021-03-09,6.223,6.229,6.206,6.206
2021-03-10,6.209,6.274,6.2,6.247
2021-03-12,6.233,6.258,6.227,6.232
2021-03-15,6.246,6.247,6.201,6.201
2021-03-16,6.213,6.213,6.179,6.18
2021-03-17,6.204,6.204,6.167,6.185
2021-03-18,6.221,6.24,6.187,6.202
2021-03-19,6.198,6.21,6.165,6.193
2021-03-22,6.208,6.208,6.165,6.18
2021-03-23,6.153,6.155,6.138,6.144
2021-03-24,6.131,6.155,6.114,6.152
2021-03-25,6.158,6.163,6.131,6.131
2021-03-26,6.153,6.153,6.119,6.123
2021-03-30,6.147,6.152,6.131,6.143
2021-03-31,6.161,6.185,6.14,6.177
2021-04-05,6.202,6.202,6.123,6.123
2021-04-06,6.126,6.135,6.108,6.122
2021-04-07,6.119,6.191,6.059,6.082
2021-04-08,6.084,6.091,6.031,6.031
2021-04-09,6.002,6.034,5.99,6.017
2021-04-12,6.022,6.022,6.005,6.011
2021-04-15,6.033,6.128,6.026,6.126
2021-04-16,6.168,6.176,6.076,6.088
2021-04-19,6.109,6.109,6.07,6.081
2021-04-20,6.105,6.105,6.074,6.074
2021-04-22,6.069,6.069,6.044,6.05
2021-04-23,6.1,6.1,6.035,6.035
2021-04-26,6.049,6.049,6.026,6.038
2021-04-27,6.051,6.067,6.043,6.055
2021-04-28,6.077,6.077,6.049,6.053
2021-04-29,6.072,6.072,6.051,6.059
2021-04-30,6.065,6.071,6.028,6.03
2021-05-03,6.029,6.029,6.001,6.001
2021-05-04,6.048,6.048,5.997,6.015
2021-05-05,6.009,6.009,5.976,5.978
2021-05-06,5.988,5.995,5.974,5.974
2021-05-07,6.005,6.016,5.979,6.015
2021-05-10,6.03,6.03,6.006,6.014
2021-05-11,6.03,6.03,6.008,6.008
2021-05-12,6.029,6.029,6.002,6.01
2021-05-14,6.045,6.045,5.985,5.986
2021-05-17,5.989,5.989,5.966,5.972
2021-05-18,5.978,5.982,5.974,5.976
2021-05-19,5.979,5.986,5.968,5.975
2021-05-20,5.986,5.986,5.966,5.969
2021-05-21,5.967,5.978,5.958,5.977
2021-05-24,5.985,5.985,5.971,5.972
2021-05-25,5.989,5.989,5.972,5.972
2021-05-27,6,6,5.978,5.987
2021-05-28,5.997,6.003,5.979,6.003
2021-05-31,6.039,6.039,6.019,6.022
2021-06-01,6.032,6.032,6.019,6.025
2021-06-02,6.032,6.032,6.005,6.005
2021-06-03,6.017,6.017,5.997,5.997
2021-06-04,5.99,6.032,5.984,6.028
2021-06-07,6.04,6.04,6.015,6.022
2021-06-08,6.037,6.037,6.005,6.006
2021-06-09,6.045,6.045,6.011,6.016
2021-06-10,6.029,6.029,6.009,6.019
2021-06-11,6.012,6.012,6.004,6.006
2021-06-14,6.018,6.018,6.004,6.004
2021-06-15,6.033,6.05,6.028,6.04
2021-06-16,6.052,6.067,6.044,6.045
2021-06-17,6.074,6.074,6.015,6.019
2021-06-18,6.057,6.057,6.004,6.006
2021-06-21,6.011,6.036,6.006,6.029
2021-06-22,6.043,6.043,6.021,6.025
2021-06-23,6.038,6.038,6.015,6.018
2021-06-24,6.025,6.029,6.008,6.012
2021-06-25,6.063,6.063,6.014,6.028
2021-06-28,6.046,6.086,6.039,6.056
2021-06-29,6.082,6.082,6.036,6.036
2021-06-30,6.089,6.089,6.049,6.051
2021-07-01,6.082,6.082,6.035,6.039
2021-07-02,6.061,6.075,6.055,6.065
2021-07-05,6.061,6.093,6.061,6.088
2021-07-06,6.154,6.19,6.138,6.175
2021-07-07,6.161,6.19,6.161,6.164
2021-07-08,6.161,6.161,6.124,6.124
2021-07-09,6.153,6.197,6.14,6.186
2021-07-12,6.277,6.277,6.204,6.22
2021-07-13,6.1,6.107,6.1,6.103
2021-07-14,6.117,6.117,6.109,6.109
2021-07-15,6.109,6.12,6.108,6.117
2021-07-16,6.146,6.146,6.113,6.13
2021-07-19,6.139,6.139,6.127,6.127
2021-07-20,6.129,6.129,6.116,6.127
2021-07-22,6.158,6.158,6.132,6.138
2021-07-23,6.147,6.165,6.142,6.165
2021-07-26,6.176,6.178,6.161,6.169
2021-07-27,6.189,6.189,6.174,6.178
2021-07-28,6.187,6.192,6.174,6.188
2021-07-29,6.2,6.203,6.188,6.198
2021-07-30,6.225,6.225,6.199,6.204
2021-08-02,6.204,6.204,6.192,6.197
2021-08-03,6.201,6.201,6.188,6.2
2021-08-04,6.207,6.207,6.193,6.199
2021-08-05,6.204,6.215,6.201,6.207
2021-08-06,6.252,6.262,6.214,6.234
2021-08-09,6.236,6.236,6.22,6.221
2021-08-10,6.233,6.237,6.232,6.233
2021-08-11,6.248,6.248,6.23,6.236
2021-08-12,6.243,6.243,6.223,6.226
2021-08-13,6.237,6.243,6.228,6.241
2021-08-17,6.257,6.257,6.229,6.234
2021-08-18,6.248,6.248,6.226,6.228
2021-08-20,6.236,6.24,6.219,6.234
2021-08-23,6.244,6.246,6.234,6.243
2021-08-24,6.253,6.259,6.246,6.25
2021-08-25,6.264,6.266,6.241,6.241
2021-08-26,6.261,6.261,6.243,6.251
2021-08-27,6.284,6.284,6.249,6.254
2021-08-30,6.255,6.255,6.224,6.225
2021-08-31,6.224,6.233,6.213,6.215
2021-09-01,6.216,6.219,6.199,6.199
2021-09-02,6.215,6.215,6.171,6.171
2021-09-03,6.193,6.193,6.153,6.156
2021-09-06,6.162,6.177,6.137,6.173
2021-09-07,6.192,6.199,6.181,6.195
2021-09-08,6.193,6.2,6.185,6.188
2021-09-09,6.181,6.183,6.168,6.178
2021-09-13,6.195,6.202,6.18,6.192
2021-09-14,6.181,6.2,6.181,6.198
2021-09-15,6.201,6.201,6.163,6.163
2021-09-16,6.172,6.176,6.155,6.169
2021-09-17,6.188,6.188,6.167,6.167
2021-09-20,6.178,6.178,6.138,6.138
2021-09-21,6.126,6.145,6.116,6.122
2021-09-22,6.126,6.14,6.116,6.138
2021-09-23,6.16,6.16,6.123,6.14
2021-09-24,6.16,6.183,6.16,6.181
2021-09-27,6.207,6.212,6.195,6.209
2021-09-28,6.209,6.229,6.183,6.228
2021-09-29,6.223,6.223,6.204,6.206
2021-09-30,6.207,6.224,6.198,6.223
2021-10-01,6.23,6.247,6.226,6.244
2021-10-04,6.246,6.253,6.235,6.248
2021-10-05,6.27,6.283,6.256,6.26
2021-10-06,6.271,6.286,6.269,6.276
2021-10-07,6.272,6.277,6.261,6.267
2021-10-08,6.301,6.322,6.269,6.318
2021-10-11,6.34,6.344,6.326,6.34
2021-10-12,6.333,6.34,6.324,6.326
2021-10-13,6.324,6.324,6.312,6.314
2021-10-14,6.32,6.332,6.318,6.328
2021-10-18,6.356,6.389,6.356,6.387
2021-10-20,6.429,6.429,6.366,6.373
2021-10-21,6.399,6.399,6.337,6.338
2021-10-22,6.356,6.366,6.34,6.364
2021-10-25,6.378,6.378,6.334,6.35
2021-10-26,6.357,6.369,6.343,6.362
2021-10-27,6.385,6.385,6.333,6.336
2021-10-28,6.327,6.368,6.307,6.367
2021-10-29,6.376,6.394,6.365,6.388
2021-11-01,6.391,6.391,6.369,6.387
2021-11-02,6.391,6.391,6.353,6.36
2021-11-03,6.364,6.364,6.354,6.357
2021-11-08,6.336,6.336,6.301,6.301
2021-11-09,6.294,6.304,6.287,6.293
2021-11-10,6.3,6.338,6.296,6.338
2021-11-11,6.367,6.378,6.356,6.367
2021-11-12,6.386,6.386,6.349,6.368
2021-11-15,6.361,6.361,6.342,6.342
2021-11-16,6.393,6.393,6.355,6.364
2021-11-17,6.379,6.385,6.358,6.361
2021-11-18,6.351,6.351,6.335,6.345
2021-11-22,6.339,6.353,6.321,6.351
2021-11-23,6.372,6.377,6.361,6.364
2021-11-24,6.39,6.39,6.363,6.367
2021-11-25,6.376,6.376,6.366,6.367
2021-11-26,6.338,6.338,6.319,6.33
2021-11-29,6.375,6.375,6.329,6.335
2021-11-30,6.331,6.342,6.307,6.326
2021-12-01,6.36,6.36,6.345,6.353
2021-12-02,6.348,6.355,6.34,6.352
2021-12-03,6.352,6.372,6.352,6.369
2021-12-06,6.364,6.375,6.356,6.359
2021-12-07,6.375,6.393,6.372,6.391
2021-12-08,6.402,6.402,6.343,6.347
2021-12-09,6.366,6.366,6.347,6.348
2021-12-10,6.356,6.371,6.347,6.37
2021-12-13,6.37,6.379,6.356,6.37
2021-12-14,6.366,6.369,6.356,6.356
2021-12-15,6.357,6.365,6.353,6.364
2021-12-16,6.374,6.377,6.369,6.374
2021-12-17,6.381,6.415,6.381,6.411
2021-12-20,6.401,6.468,6.401,6.435
2021-12-21,6.445,6.473,6.445,6.468
2021-12-22,6.483,6.486,6.462,6.464
2021-12-23,6.486,6.486,6.457,6.46
2021-12-24,6.479,6.479,6.45,6.462
2021-12-27,6.469,6.47,6.447,6.465
2021-12-28,6.491,6.497,6.476,6.478
2021-12-29,6.484,6.484,6.461,6.461
2021-12-30,6.484,6.484,6.469,6.469
2021-12-31,6.481,6.49,6.451,6.454
2022-01-03,6.463,6.469,6.455,6.46
2022-01-04,6.497,6.524,6.484,6.518
2022-01-05,6.543,6.543,6.508,6.508
2022-01-06,6.54,6.547,6.524,6.525
2022-01-07,6.543,6.544,6.514,6.542
2022-01-10,6.558,6.593,6.551,6.59
2022-01-11,6.602,6.602,6.568,6.57
2022-01-12,6.58,6.605,6.562,6.593
2022-01-13,6.602,6.602,6.561,6.561
2022-01-14,6.576,6.597,6.562,6.582
2022-01-17,6.617,6.645,6.616,6.636
2022-01-18,6.68,6.68,6.617,6.627
2022-01-19,6.658,6.658,6.598,6.598
2022-01-20,6.599,6.608,6.588,6.608
2022-01-21,6.612,6.624,6.595,6.62
2022-01-24,6.63,6.655,6.627,6.652
2022-01-25,6.665,6.666,6.642,6.662
2022-01-27,6.701,6.749,6.701,6.746
2022-01-28,6.749,6.802,6.738,6.768
2022-01-31,6.783,6.783,6.684,6.684
2022-02-01,6.728,6.883,6.65,6.828
2022-02-02,6.848,6.922,6.848,6.88
2022-02-03,6.866,6.891,6.861,6.889
2022-02-04,6.955,6.955,6.869,6.879
2022-02-07,6.879,6.9,6.85,6.86
2022-02-08,6.861,6.861,6.804,6.81
2022-02-09,6.817,6.823,6.784,6.798
2022-02-10,6.818,6.818,6.688,6.725
2022-02-11,6.752,6.754,6.698,6.698
2022-02-14,6.725,6.726,6.66,6.667
2022-02-15,6.664,6.678,6.615,6.673
2022-02-16,6.707,6.707,6.656,6.686
2022-02-17,6.714,6.714,6.667,6.674
2022-02-18,6.686,6.686,6.656,6.663
2022-02-21,6.681,6.699,6.667,6.693
2022-02-22,6.783,6.783,6.723,6.749
2022-02-23,6.792,6.792,6.739,6.739
2022-02-24,6.777,6.784,6.749,6.762
2022-02-25,6.77,6.77,6.738,6.749
2022-02-28,6.777,6.777,6.749,6.77
2022-03-02,6.805,6.817,6.805,6.814
2022-03-03,6.856,6.856,6.823,6.826
2022-03-04,6.813,6.824,6.802,6.813
2022-03-07,6.889,6.896,6.879,6.888
2022-03-08,6.892,6.904,6.881,6.895
2022-03-09,6.876,6.88,6.842,6.845
2022-03-10,6.842,6.842,6.789,6.809
2022-03-11,6.806,6.855,6.792,6.855
2022-03-14,6.892,6.892,6.829,6.854
2022-03-15,6.871,6.871,6.816,6.821
2022-03-16,6.825,6.832,6.788,6.788
2022-03-17,6.821,6.821,6.774,6.778
2022-03-21,6.821,6.821,6.781,6.781
2022-03-22,6.835,6.844,6.819,6.831
2022-03-23,6.849,6.849,6.816,6.832
2022-03-24,6.848,6.848,6.821,6.834
2022-03-25,6.828,6.831,6.811,6.811
2022-03-28,6.863,6.863,6.828,6.836
2022-03-29,6.889,6.889,6.817,6.821
2022-03-30,6.85,6.85,6.781,6.784
2022-03-31,6.779,6.843,6.773,6.843
2022-04-04,6.951,6.951,6.895,6.898
2022-04-05,6.915,6.915,6.891,6.899
2022-04-06,6.93,6.93,6.911,6.917
2022-04-07,6.916,6.921,6.901,6.914
2022-04-08,6.996,7.121,6.916,7.119
2022-04-11,7.187,7.192,7.132,7.149
2022-04-12,7.184,7.195,7.153,7.189
2022-04-13,7.285,7.285,7.213,7.215
2022-04-18,7.248,7.263,7.153,7.153
2022-04-19,7.181,7.181,7.128,7.151
2022-04-20,7.179,7.179,7.103,7.105
2022-04-21,7.114,7.16,7.101,7.144
2022-04-22,7.173,7.179,7.158,7.167
2022-04-25,7.219,7.219,7.038,7.043
2022-04-26,7.082,7.098,7.038,7.053
2022-04-27,7.071,7.085,7.053,7.083
2022-04-28,7.1,7.157,7.1,7.155
2022-04-29,7.179,7.182,7.126,7.139
2022-05-02,7.138,7.15,7.116,7.119
2022-05-04,7.159,7.409,7.129,7.378
2022-05-05,7.409,7.452,7.38,7.403
2022-05-06,7.448,7.47,7.411,7.451
2022-05-09,7.491,7.491,7.421,7.465
2022-05-10,7.402,7.402,7.296,7.301
2022-05-11,7.296,7.334,7.208,7.215
2022-05-12,7.235,7.293,7.199,7.244
2022-05-13,7.308,7.34,7.297,7.318
2022-05-17,7.34,7.381,7.34,7.366
2022-05-18,7.389,7.389,7.341,7.355
2022-05-19,7.343,7.363,7.319,7.323
2022-05-20,7.336,7.366,7.335,7.359
2022-05-23,7.42,7.42,7.348,7.386
2022-05-24,7.397,7.397,7.344,7.359
2022-05-25,7.337,7.339,7.297,7.305
2022-05-26,7.314,7.314,7.272,7.294
2022-05-27,7.328,7.376,7.319,7.367
2022-05-30,7.376,7.413,7.364,7.409
2022-05-31,7.444,7.457,7.412,7.415
2022-06-01,7.437,7.438,7.397,7.414
2022-06-02,7.451,7.451,7.409,7.434
2022-06-03,7.484,7.484,7.442,7.46
2022-06-06,7.5,7.512,7.49,7.5
2022-06-07,7.538,7.538,7.51,7.518
2022-06-08,7.523,7.562,7.438,7.494
2022-06-09,7.528,7.533,7.496,7.496
2022-06-10,7.517,7.527,7.511,7.519
2022-06-13,7.594,7.615,7.582,7.605
2022-06-14,7.604,7.614,7.574,7.583
2022-06-15,7.61,7.614,7.578,7.592
2022-06-16,7.572,7.617,7.551,7.617
2022-06-17,7.596,7.611,7.544,7.546
2022-06-20,7.503,7.503,7.427,7.427
2022-06-21,7.457,7.484,7.457,7.482
2022-06-22,7.448,7.448,7.382,7.396
2022-06-23,7.37,7.443,7.365,7.419
2022-06-24,7.458,7.47,7.42,7.444
2022-06-27,7.481,7.481,7.412,7.412
2022-06-28,7.428,7.468,7.428,7.465
2022-06-29,7.457,7.478,7.437,7.459
2022-06-30,7.443,7.455,7.417,7.45
2022-07-01,7.427,7.427,7.385,7.424
2022-07-04,7.398,7.398,7.355,7.374
2022-07-05,7.406,7.42,7.382,7.391
2022-07-06,7.33,7.33,7.281,7.294
2022-07-07,7.322,7.36,7.291,7.354
2022-07-08,7.392,7.419,7.372,7.415
2022-07-11,7.453,7.475,7.418,7.427
2022-07-12,7.4,7.447,7.391,7.391
2022-07-13,7.383,7.383,7.333,7.337
2022-07-14,7.362,7.407,7.362,7.384
2022-07-15,7.416,7.447,7.401,7.438
2022-07-18,7.401,7.443,7.4,7.437
2022-07-19,7.471,7.471,7.432,7.434
2022-07-20,7.471,7.471,7.434,7.449
2022-07-21,7.471,7.471,7.44,7.44
2022-07-22,7.417,7.432,7.402,7.414
2022-07-25,7.399,7.399,7.36,7.391
2022-07-26,7.41,7.414,7.367,7.367
2022-07-27,7.385,7.385,7.336,7.338
2022-07-28,7.372,7.372,7.309,7.332
2022-07-29,7.301,7.33,7.255,7.32
2022-08-01,7.357,7.357,7.24,7.24
2022-08-02,7.204,7.226,7.185,7.196
2022-08-03,7.25,7.253,7.227,7.242
2022-08-04,7.219,7.236,7.151,7.157
2022-08-05,7.136,7.322,7.11,7.3
2022-08-08,7.365,7.365,7.338,7.348
2022-08-10,7.366,7.366,7.307,7.31
2022-08-11,7.339,7.339,7.241,7.267
2022-08-12,7.331,7.331,7.286,7.289
2022-08-17,7.251,7.251,7.164,7.182
2022-08-18,7.202,7.262,7.196,7.242
2022-08-19,7.264,7.295,7.256,7.264
2022-08-22,7.295,7.306,7.265,7.27
2022-08-23,7.305,7.31,7.272,7.281
2022-08-24,7.311,7.311,7.273,7.286
2022-08-25,7.32,7.32,7.292,7.292
2022-08-26,7.276,7.291,7.203,7.217
2022-08-29,7.256,7.271,7.238,7.253
2022-08-30,7.28,7.28,7.186,7.188
2022-09-01,7.23,7.23,7.172,7.215
2022-09-02,7.238,7.248,7.224,7.232
2022-09-05,7.232,7.232,7.201,7.218
2022-09-06,7.221,7.221,7.179,7.179
2022-09-07,7.208,7.208,7.175,7.185
2022-09-08,7.139,7.152,7.122,7.135
2022-09-09,7.159,7.172,7.135,7.167
2022-09-12,7.182,7.185,7.162,7.181
2022-09-13,7.208,7.208,7.106,7.108
2022-09-14,7.163,7.163,7.128,7.155
2022-09-15,7.17,7.258,7.144,7.238
2022-09-16,7.261,7.272,7.261,7.266
2022-09-19,7.257,7.284,7.233,7.277
2022-09-20,7.3,7.3,7.271,7.294
2022-09-21,7.27,7.271,7.233,7.233
2022-09-23,7.366,7.396,7.352,7.393
2022-09-26,7.413,7.422,7.359,7.359
2022-09-27,7.41,7.41,7.283,7.292
2022-09-28,7.351,7.352,7.32,7.333
2022-09-29,7.294,7.343,7.286,7.34
2022-09-30,7.423,7.423,7.301,7.398
2022-10-03,7.403,7.47,7.403,7.468
2022-10-04,7.454,7.454,7.361,7.362
2022-10-06,7.49,7.49,7.446,7.454
2022-10-07,7.49,7.518,7.458,7.46
2022-10-10,7.498,7.513,7.471,7.476
2022-10-11,7.532,7.532,7.426,7.426
2022-10-12,7.433,7.441,7.372,7.435
2022-10-13,7.446,7.449,7.403,7.422
2022-10-14,7.469,7.481,7.416,7.47
2022-10-17,7.461,7.461,7.392,7.407
2022-10-18,7.417,7.427,7.368,7.426
2022-10-19,7.439,7.458,7.395,7.451
2022-10-20,7.505,7.516,7.476,7.476
2022-10-21,7.541,7.541,7.504,7.511
2022-10-25,7.505,7.505,7.44,7.442
2022-10-27,7.41,7.42,7.372,7.412
2022-10-28,7.45,7.45,7.378,7.416
2022-10-31,7.432,7.453,7.418,7.445
2022-11-01,7.435,7.437,7.396,7.396
2022-11-02,7.421,7.424,7.398,7.404
2022-11-03,7.44,7.49,7.44,7.482
2022-11-04,7.497,7.497,7.457,7.469
2022-11-07,7.484,7.484,7.434,7.434
2022-11-09,7.425,7.425,7.381,7.387
2022-11-10,7.381,7.385,7.334,7.346
2022-11-11,7.272,7.308,7.235,7.307
2022-11-14,7.338,7.338,7.277,7.287
2022-11-15,7.295,7.299,7.258,7.261
2022-11-16,7.272,7.288,7.254,7.274
2022-11-17,7.25,7.292,7.243,7.281
2022-11-18,7.314,7.32,7.271,7.307
2022-11-21,7.338,7.338,7.285,7.32
2022-11-22,7.33,7.339,7.285,7.285
2022-11-23,7.282,7.298,7.279,7.291
2022-11-24,7.264,7.283,7.255,7.255
2022-11-25,7.272,7.304,7.245,7.301
2022-11-28,7.272,7.275,7.25,7.274
2022-11-29,7.294,7.297,7.277,7.279
2022-11-30,7.306,7.306,7.28,7.28
2022-12-01,7.255,7.255,7.205,7.21
2022-12-02,7.2,7.236,7.181,7.221
2022-12-05,7.237,7.237,7.209,7.226
2022-12-06,7.242,7.264,7.231,7.249
2022-12-07,7.258,7.307,7.226,7.269
2022-12-08,7.256,7.289,7.25,7.288
2022-12-09,7.298,7.309,7.286,7.299
2022-12-12,7.328,7.328,7.287,7.294
2022-12-13,7.258,7.281,7.258,7.265
2022-12-14,7.236,7.249,7.211,7.221
2022-12-15,7.233,7.271,7.233,7.268
2022-12-16,7.302,7.302,7.273,7.277
2022-12-19,7.302,7.302,7.283,7.297
2022-12-20,7.328,7.344,7.299,7.299
2022-12-21,7.316,7.316,7.281,7.287
2022-12-22,7.3,7.319,7.293,7.316
2022-12-23,7.338,7.338,7.306,7.318
2022-12-26,7.337,7.337,7.319,7.319
2022-12-27,7.324,7.324,7.305,7.308
2022-12-28,7.339,7.339,7.311,7.314
2022-12-29,7.334,7.334,7.308,7.311
2022-12-30,7.313,7.335,7.312,7.327
2023-01-02,7.346,7.359,7.336,7.34
2023-01-03,7.338,7.338,7.321,7.321
2023-01-04,7.317,7.324,7.308,7.321
2023-01-05,7.317,7.331,7.317,7.327
2023-01-06,7.358,7.378,7.33,7.373
2023-01-09,7.338,7.349,7.323,7.342
2023-01-10,7.332,7.34,7.313,7.313
2023-01-11,7.332,7.332,7.29,7.291
2023-01-12,7.295,7.299,7.277,7.286
2023-01-13,7.266,7.301,7.266,7.299
2023-01-16,7.326,7.329,7.308,7.327
2023-01-17,7.345,7.345,7.331,7.333
2023-01-18,7.325,7.327,7.313,7.325
2023-01-19,7.299,7.314,7.281,7.313
2023-01-20,7.332,7.356,7.327,7.347
2023-01-23,7.366,7.366,7.35,7.352
2023-01-24,7.359,7.363,7.338,7.346
2023-01-25,7.344,7.358,7.331,7.347
2023-01-27,7.376,7.403,7.373,7.387
2023-01-30,7.392,7.407,7.377,7.401
2023-01-31,7.405,7.405,7.343,7.343
2023-02-01,7.416,7.416,7.277,7.277
2023-02-02,7.255,7.299,7.245,7.296
2023-02-03,7.289,7.298,7.277,7.277
2023-02-06,7.277,7.335,7.277,7.32
2023-02-07,7.332,7.332,7.306,7.309
2023-02-08,7.33,7.358,7.31,7.344
2023-02-09,7.343,7.36,7.338,7.344
2023-02-10,7.356,7.37,7.351,7.363
2023-02-13,7.387,7.387,7.36,7.366
2023-02-14,7.408,7.408,7.369,7.371
2023-02-15,7.378,7.381,7.345,7.347
2023-02-16,7.363,7.363,7.335,7.342
2023-02-17,7.405,7.405,7.358,7.388
2023-02-20,7.386,7.386,7.361,7.37
2023-02-21,7.393,7.396,7.373,7.391
2023-02-22,7.403,7.438,7.401,7.429
2023-02-23,7.431,7.431,7.375,7.391
2023-02-24,7.39,7.422,7.373,7.419
2023-02-27,7.453,7.453,7.431,7.448
2023-02-28,7.446,7.465,7.434,7.457
2023-03-01,7.468,7.468,7.419,7.434
2023-03-02,7.456,7.461,7.427,7.43
2023-03-03,7.453,7.453,7.41,7.416
2023-03-06,7.4,7.428,7.4,7.418
2023-03-08,7.455,7.473,7.455,7.459
2023-03-09,7.465,7.465,7.437,7.441
2023-03-10,7.426,7.435,7.401,7.429
2023-03-13,7.393,7.393,7.354,7.365
2023-03-14,7.392,7.392,7.336,7.378
2023-03-15,7.408,7.408,7.359,7.363
2023-03-16,7.354,7.366,7.33,7.352
2023-03-17,7.372,7.379,7.35,7.354
2023-03-20,7.341,7.344,7.316,7.334
2023-03-21,7.375,7.375,7.341,7.354
2023-03-23,7.34,7.351,7.315,7.345
2023-03-24,7.348,7.348,7.314,7.318
2023-03-27,7.331,7.332,7.306,7.312
2023-03-28,7.325,7.335,7.31,7.321
2023-03-29,7.335,7.342,7.292,7.296
2023-03-31,7.339,7.339,7.28,7.315
2023-04-03,7.37,7.37,7.312,7.315
2023-04-05,7.297,7.297,7.272,7.273
2023-04-06,7.285,7.288,7.181,7.219
2023-04-10,7.258,7.258,7.196,7.227
2023-04-11,7.227,7.245,7.222,7.224
2023-04-12,7.243,7.243,7.212,7.213
2023-04-13,7.204,7.234,7.204,7.229
2023-04-17,7.251,7.251,7.239,7.247
2023-04-18,7.276,7.276,7.22,7.221
2023-04-19,7.224,7.235,7.212,7.227
2023-04-20,7.237,7.237,7.216,7.22
2023-04-21,7.231,7.231,7.183,7.185
2023-04-24,7.161,7.161,7.1,7.111
2023-04-25,7.088,7.131,7.077,7.11
2023-04-26,7.143,7.143,7.098,7.116
2023-04-27,7.128,7.128,7.094,7.097
2023-04-28,7.131,7.131,7.108,7.116
2023-05-02,7.135,7.138,7.092,7.106
2023-05-03,7.085,7.085,7.006,7.011
2023-05-04,7.011,7.052,6.991,7.014
2023-05-08,7.049,7.05,7.021,7.047
2023-05-09,7.07,7.07,7.03,7.046
2023-05-10,7.056,7.061,7.034,7.036
2023-05-11,7.021,7.033,7.016,7.023
2023-05-12,7.027,7.03,6.992,6.995
2023-05-15,7.042,7.042,6.978,7.001
2023-05-16,7.028,7.028,6.961,6.963
2023-05-17,6.992,6.992,6.947,6.972
2023-05-18,6.985,6.989,6.968,6.983
2023-05-19,7.013,7.016,6.967,7.004
2023-05-22,6.989,7.001,6.976,6.985
2023-05-23,7.005,7.02,6.995,7.016
2023-05-24,7.009,7.023,6.982,6.99
2023-05-25,7.013,7.015,6.996,7.007
2023-05-26,7.023,7.023,6.996,7.003
2023-05-29,7.02,7.031,7.002,7.024
2023-05-30,7.034,7.034,7.01,7.011
2023-05-31,7.027,7.027,6.982,6.989
2023-06-01,7.019,7.019,6.963,6.979
2023-06-02,6.992,6.992,6.966,6.984
2023-06-05,7.005,7.009,6.994,6.997
2023-06-06,6.999,6.999,6.974,6.977
2023-06-07,6.984,6.986,6.972,6.982
2023-06-08,7.006,7.023,6.99,7.021
2023-06-09,7.012,7.044,7.012,7.039
2023-06-12,7.048,7.048,7.015,7.016
2023-06-13,6.998,7.012,6.998,7.002
2023-06-14,7.02,7.021,7.008,7.011
2023-06-15,7.027,7.043,7.02,7.036
2023-06-16,7.041,7.057,7.027,7.034
2023-06-19,7.055,7.061,7.028,7.053
2023-06-20,7.063,7.069,7.051,7.059
2023-06-21,7.063,7.071,7.049,7.067
2023-06-22,7.063,7.093,7.058,7.086
2023-06-23,7.095,7.098,7.063,7.074
2023-06-26,7.077,7.085,7.063,7.066
2023-06-27,7.091,7.091,7.057,7.063
2023-06-28,7.065,7.071,7.047,7.056
2023-06-30,7.086,7.117,7.085,7.11
2023-07-03,7.113,7.122,7.1,7.117
2023-07-04,7.127,7.127,7.108,7.119
2023-07-05,7.122,7.122,7.102,7.105
2023-07-06,7.132,7.151,7.13,7.147
2023-07-07,7.171,7.175,7.144,7.159
2023-07-10,7.168,7.168,7.138,7.149
2023-07-11,7.12,7.123,7.088,7.095
2023-07-12,7.091,7.122,7.087,7.118
2023-07-13,7.099,7.099,7.064,7.071
2023-07-14,7.06,7.095,7.06,7.089
2023-07-17,7.105,7.108,7.071,7.074
2023-07-18,7.084,7.084,7.047,7.058
2023-07-19,7.062,7.076,7.054,7.072
2023-07-20,7.081,7.088,7.074,7.083
2023-07-21,7.099,7.107,7.076,7.087
2023-07-24,7.082,7.087,7.066,7.071
2023-07-25,7.091,7.105,7.088,7.1
2023-07-26,7.106,7.106,7.089,7.096
2023-07-27,7.089,7.122,7.078,7.12
2023-07-28,7.154,7.179,7.148,7.161
2023-07-31,7.179,7.182,7.162,7.172
2023-08-01,7.186,7.186,7.147,7.156
2023-08-02,7.185,7.185,7.152,7.154
2023-08-03,7.178,7.214,7.173,7.194
2023-08-04,7.201,7.219,7.19,7.193
2023-08-07,7.17,7.2,7.156,7.197
2023-08-08,7.186,7.191,7.163,7.168
2023-08-09,7.171,7.181,7.161,7.178
2023-08-10,7.193,7.193,7.152,7.154
2023-08-11,7.179,7.202,7.179,7.198
2023-08-14,7.226,7.226,7.205,7.209
2023-08-17,7.252,7.256,7.243,7.25
2023-08-18,7.24,7.241,7.209,7.214
2023-08-21,7.233,7.233,7.21,7.22
2023-08-22,7.244,7.244,7.211,7.218
2023-08-23,7.222,7.222,7.193,7.194
2023-08-24,7.178,7.197,7.175,7.193
2023-08-25,7.241,7.241,7.198,7.206
2023-08-28,7.212,7.212,7.166,7.178
2023-08-29,7.178,7.189,7.159,7.18
2023-08-30,7.153,7.192,7.153,7.185
2023-08-31,7.177,7.186,7.164,7.166
2023-09-01,7.174,7.184,7.163,7.175
2023-09-04,7.192,7.206,7.186,7.204
2023-09-05,7.21,7.211,7.195,7.206
2023-09-06,7.217,7.232,7.209,7.21
2023-09-07,7.229,7.229,7.158,7.173
2023-09-08,7.183,7.207,7.165,7.199
2023-09-11,7.188,7.214,7.183,7.209
2023-09-12,7.222,7.222,7.194,7.203
2023-09-13,7.19,7.19,7.171,7.172
2023-09-14,7.157,7.157,7.098,7.101
2023-09-15,7.117,7.166,7.105,7.158
2023-09-18,7.193,7.193,7.139,7.149
2023-09-20,7.171,7.171,7.143,7.153
2023-09-21,7.207,7.207,7.129,7.136
2023-09-22,7.11,7.164,7.086,7.15
2023-09-25,7.186,7.186,7.124,7.15
2023-09-26,7.178,7.18,7.144,7.146
2023-09-27,7.214,7.214,7.148,7.171
2023-09-28,7.221,7.241,7.206,7.238
2023-09-29,7.241,7.241,7.188,7.21
2023-10-03,7.239,7.24,7.21,7.235
2023-10-04,7.257,7.261,7.236,7.238
2023-10-05,7.214,7.226,7.205,7.214
2023-10-06,7.221,7.365,7.218,7.339
2023-10-09,7.366,7.395,7.34,7.386
2023-10-10,7.359,7.372,7.344,7.351
2023-10-11,7.337,7.337,7.301,7.307
2023-10-12,7.308,7.314,7.292,7.302
2023-10-13,7.322,7.337,7.305,7.32
2023-10-16,7.344,7.344,7.325,7.333
2023-10-17,7.349,7.349,7.309,7.328
2023-10-18,7.352,7.36,7.341,7.353
2023-10-19,7.381,7.381,7.365,7.369
2023-10-20,7.373,7.377,7.349,7.365
2023-10-23,7.371,7.391,7.36,7.384
2023-10-25,7.339,7.349,7.333,7.341
2023-10-26,7.362,7.369,7.36,7.367
2023-10-27,7.352,7.359,7.341,7.359
2023-10-30,7.358,7.372,7.356,7.371
2023-10-31,7.364,7.365,7.346,7.358
2023-11-01,7.358,7.361,7.352,7.361
2023-11-02,7.322,7.335,7.32,7.324
2023-11-03,7.318,7.324,7.309,7.32
2023-11-06,7.302,7.307,7.294,7.307
2023-11-07,7.311,7.314,7.277,7.281
2023-11-08,7.263,7.281,7.255,7.271
2023-11-09,7.253,7.276,7.247,7.275
2023-11-10,7.289,7.305,7.288,7.305
2023-11-13,7.305,7.306,7.281,7.283
2023-11-15,7.232,7.233,7.22,7.22
2023-11-16,7.225,7.236,7.22,7.236
2023-11-17,7.228,7.23,7.194,7.218
2023-11-20,7.225,7.257,7.225,7.257
2023-11-21,7.239,7.271,7.237,7.27
2023-11-22,7.269,7.271,7.245,7.25
2023-11-23,7.259,7.263,7.246,7.258
2023-11-24,7.268,7.291,7.267,7.273
2023-11-28,7.26,7.277,7.253,7.276
2023-11-29,7.243,7.254,7.239,7.251
2023-11-30,7.254,7.287,7.25,7.287
2023-12-01,7.29,7.298,7.279,7.291
2023-12-04,7.265,7.276,7.265,7.271
2023-12-05,7.264,7.266,7.256,7.259
2023-12-06,7.251,7.254,7.243,7.254
2023-12-07,7.243,7.248,7.233,7.24
2023-12-08,7.239,7.271,7.226,7.271
2023-12-11,7.282,7.285,7.273,7.284
2023-12-12,7.27,7.28,7.267,7.276
2023-12-13,7.263,7.269,7.257,7.26
2023-12-14,7.203,7.218,7.185,7.197
2023-12-15,7.199,7.199,7.155,7.164
2023-12-18,7.169,7.179,7.147,7.158
2023-12-19,7.171,7.176,7.153,7.174
2023-12-20,7.175,7.177,7.165,7.17
2023-12-21,7.16,7.188,7.151,7.187
2023-12-22,7.186,7.198,7.185,7.188
2023-12-26,7.18,7.188,7.178,7.183
2023-12-27,7.187,7.208,7.184,7.207
2023-12-28,7.2,7.213,7.198,7.211
2023-12-29,7.195,7.196,7.172,7.175
2024-01-01,7.198,7.201,7.192,7.198
2024-01-02,7.204,7.214,7.204,7.211
2024-01-03,7.202,7.222,7.197,7.218
2024-01-04,7.214,7.224,7.211,7.221
2024-01-05,7.233,7.239,7.225,7.236
2024-01-08,7.216,7.22,7.201,7.203
2024-01-09,7.187,7.197,7.184,7.188
2024-01-10,7.187,7.191,7.176,7.181
2024-01-11,7.187,7.188,7.162,7.164
2024-01-12,7.162,7.181,7.158,7.179
2024-01-15,7.145,7.146,7.134,7.143
2024-01-16,7.15,7.15,7.14,7.147
2024-01-17,7.154,7.165,7.151,7.165
2024-01-18,7.174,7.18,7.169,7.177
2024-01-19,7.191,7.195,7.177,7.181
2024-01-23,7.17,7.177,7.166,7.176
2024-01-24,7.171,7.183,7.17,7.183
2024-01-25,7.187,7.187,7.169,7.174
2024-01-29,7.181,7.181,7.165,7.174
2024-01-30,7.157,7.16,7.147,7.158
2024-01-31,7.147,7.149,7.139,7.144
2024-02-01,7.128,7.135,7.039,7.06
2024-02-02,7.042,7.058,7.021,7.055
2024-02-05,7.085,7.096,7.071,7.095
2024-02-06,7.081,7.096,7.07,7.09
2024-02-07,7.071,7.078,7.064,7.073
2024-02-08,7.051,7.092,7.048,7.082
2024-02-09,7.08,7.118,7.075,7.109
2024-02-12,7.096,7.106,7.094,7.094
2024-02-13,7.105,7.107,7.096,7.099
2024-02-14,7.134,7.134,7.11,7.111
2024-02-15,7.092,7.094,7.079,7.088
2024-02-16,7.078,7.103,7.075,7.099
2024-02-20,7.095,7.097,7.06,7.063
2024-02-21,7.043,7.054,7.038,7.054
2024-02-22,7.046,7.076,7.046,7.068
2024-02-23,7.067,7.081,7.067,7.077
2024-02-26,7.05,7.066,7.048,7.065
2024-02-27,7.065,7.071,7.063,7.07
2024-02-28,7.062,7.068,7.06,7.066
2024-02-29,7.061,7.081,7.058,7.077
2024-03-01,7.071,7.082,7.057,7.06
2024-03-04,7.051,7.062,7.051,7.062
2024-03-05,7.06,7.062,7.053,7.057
2024-03-06,7.052,7.057,7.048,7.056
2024-03-07,7.05,7.05,7.026,7.033
2024-03-11,7.011,7.015,7.006,7.015
2024-03-12,7.021,7.029,7.015,7.028
2024-03-13,7.034,7.043,7.03,7.043
2024-03-14,7.047,7.047,7.038,7.039
2024-03-15,7.052,7.064,7.051,7.064
2024-03-18,7.078,7.088,7.075,7.088
2024-03-19,7.087,7.1,7.081,7.1
2024-03-20,7.1,7.103,7.089,7.096
2024-03-21,7.069,7.075,7.048,7.048
2024-03-22,7.058,7.096,7.057,7.096
2024-03-26,7.09,7.1,7.082,7.09
2024-03-27,7.083,7.084,7.067,7.071
2024-03-28,7.048,7.055,7.035,7.055
2024-04-02,7.084,7.116,7.078,7.116
2024-04-03,7.107,7.116,7.1,7.103
2024-04-04,7.101,7.104,7.09,7.093
2024-04-05,7.102,7.121,7.1,7.121
2024-04-08,7.151,7.162,7.145,7.153
2024-04-12,7.179,7.187,7.173,7.179
2024-04-15,7.171,7.18,7.16,7.177
2024-04-16,7.189,7.2,7.185,7.19
2024-04-18,7.159,7.187,7.159,7.186
2024-04-19,7.217,7.233,7.211,7.228
2024-04-22,7.22,7.22,7.188,7.191
2024-04-23,7.177,7.182,7.163,7.165
2024-04-24,7.171,7.19,7.171,7.186
2024-04-25,7.196,7.206,7.194,7.205
2024-04-26,7.224,7.224,7.188,7.189
2024-04-29,7.196,7.201,7.181,7.197
2024-04-30,7.191,7.205,7.187,7.187
2024-05-02,7.166,7.169,7.159,7.159
2024-05-03,7.158,7.161,7.147,7.147
2024-05-06,7.125,7.126,7.106,7.107
2024-05-07,7.11,7.135,7.11,7.129
2024-05-08,7.131,7.144,7.131,7.135
2024-05-09,7.141,7.142,7.125,7.133
2024-05-10,7.116,7.129,7.111,7.128
2024-05-13,7.128,7.129,7.114,7.116
2024-05-14,7.11,7.116,7.105,7.106
2024-05-15,7.093,7.093,7.082,7.082
2024-05-16,7.065,7.082,7.064,7.076
2024-05-17,7.083,7.099,7.081,7.095
2024-05-21,7.077,7.081,7.069,7.08
2024-05-22,7.032,7.044,6.993,6.994
2024-05-24,6.989,7.001,6.986,7
2024-05-27,6.992,6.993,6.967,6.98
2024-05-28,6.974,6.998,6.974,6.996
2024-05-29,7.009,7.018,6.987,7.015
2024-05-30,7.011,7.013,6.995,6.999
2024-05-31,6.991,6.993,6.98,6.984
2024-06-03,6.958,6.963,6.945,6.945
2024-06-04,7.009,7.062,7.008,7.038
2024-06-05,7.047,7.054,7.023,7.028
2024-06-06,7.019,7.021,7.013,7.016
2024-06-07,7.032,7.032,7.01,7.017
2024-06-10,7.031,7.037,7.027,7.033
2024-06-11,7.02,7.021,7.012,7.015
2024-06-12,7.01,7.015,7.007,7.014
2024-06-13,6.999,6.999,6.985,6.989
2024-06-14,6.98,6.986,6.98,6.984
2024-06-18,6.992,6.995,6.981,6.981
2024-06-19,6.969,6.976,6.964,6.975
2024-06-20,6.975,6.98,6.97,6.978
2024-06-21,6.98,6.98,6.972,6.973
2024-06-24,6.955,6.975,6.954,6.974
2024-06-25,6.972,6.989,6.97,6.986
2024-06-26,6.992,7.001,6.986,7.001
2024-06-27,6.991,7.005,6.991,6.999
2024-06-28,7.006,7.02,6.999,7.009
2024-07-01,7.019,7.021,7.01,7.01
2024-07-02,7.006,7.012,7.005,7.012
2024-07-03,7.004,7.006,6.999,6.999
2024-07-04,6.994,7.001,6.992,6.999
2024-07-05,7.001,7.004,6.987,6.994
2024-07-08,6.985,6.991,6.985,6.99
2024-07-09,7.105,7.114,7.105,7.114
2024-07-10,7.111,7.111,7.1,7.101
2024-07-11,7.095,7.109,7.095,7.109
2024-07-12,7.095,7.113,7.095,7.113
2024-07-15,7.116,7.12,7.102,7.102
2024-07-16,7.094,7.095,7.088,7.088
2024-07-18,7.085,7.092,7.084,7.092
2024-07-19,7.095,7.096,7.087,7.09
2024-07-22,7.096,7.098,7.091,7.092
2024-07-23,7.083,7.108,7.077,7.095
2024-07-24,7.084,7.087,7.081,7.086
2024-07-25,7.074,7.079,7.074,7.076
2024-07-26,7.052,7.056,7.04,7.045
2024-07-29,7.036,7.042,7.033,7.039
2024-07-30,7.039,7.053,7.039,7.05
2024-07-31,7.041,7.059,7.041,7.047
2024-08-01,7.036,7.039,7.031,7.036
2024-08-02,7.026,7.027,7.022,7.024
2024-08-05,6.977,6.982,6.962,6.971
2024-08-06,6.992,6.998,6.985,6.985
2024-08-07,6.991,6.993,6.979,6.983
2024-08-08,6.993,6.995,6.98,6.991
2024-08-09,7.005,7.008,6.996,7.001
2024-08-12,6.992,6.999,6.991,6.996
2024-08-13,6.991,7.006,6.991,7.005
2024-08-14,6.986,6.988,6.974,6.976
2024-08-16,6.993,6.996,6.982,6.985
2024-08-19,6.983,6.983,6.977,6.982
2024-08-20,6.973,6.975,6.967,6.974
2024-08-21,6.967,6.976,6.964,6.976
2024-08-22,6.966,6.971,6.96,6.97
2024-08-23,6.97,6.979,6.966,6.977
2024-08-26,6.966,6.969,6.965,6.968
2024-08-27,6.974,6.98,6.973,6.979
2024-08-28,6.975,6.983,6.973,6.978
2024-08-29,6.982,6.985,6.98,6.982
2024-08-30,6.986,6.986,6.98,6.983
2024-09-02,6.991,6.996,6.989,6.994
2024-09-03,6.995,6.997,6.986,6.989
2024-09-04,6.977,6.978,6.975,6.976
2024-09-05,6.97,6.974,6.969,6.973
2024-09-06,6.969,6.973,6.964,6.972
2024-09-09,6.973,6.974,6.97,6.972
2024-09-10,6.969,6.969,6.967,6.969
2024-09-11,6.951,6.952,6.944,6.944
2024-09-12,6.949,6.949,6.922,6.922
2024-09-13,6.909,6.911,6.899,6.906
2024-09-16,6.903,6.903,6.872,6.874
2024-09-17,6.874,6.896,6.874,6.896
2024-09-19,6.86,6.876,6.849,6.872
2024-09-20,6.865,6.884,6.863,6.875
2024-09-23,6.881,6.886,6.873,6.883
2024-09-24,6.87,6.882,6.868,6.876
2024-09-25,6.862,6.863,6.849,6.85
2024-09-26,6.838,6.838,6.818,6.831
2024-09-27,6.842,6.88,6.841,6.876
2024-09-30,6.861,6.873,6.859,6.865
2024-10-01,6.866,6.867,6.842,6.847
2024-10-03,6.866,6.893,6.861,6.892
2024-10-04,6.909,6.954,6.909,6.951
2024-10-07,6.954,6.97,6.929,6.967
2024-10-08,6.933,6.95,6.918,6.923
2024-10-09,6.864,6.888,6.859,6.88
2024-10-10,6.882,6.893,6.874,6.893
2024-10-11,6.887,6.913,6.885,6.907
2024-10-14,6.885,6.902,6.885,6.899
2024-10-15,6.892,6.897,6.879,6.884
2024-10-16,6.876,6.89,6.872,6.887
2024-10-17,6.893,6.903,6.885,6.897
2024-10-18,6.916,6.937,6.904,6.936
2024-10-21,6.923,6.959,6.921,6.946
2024-10-22,6.949,6.96,6.934,6.938
2024-10-23,6.945,6.947,6.927,6.936
2024-10-24,6.933,6.944,6.93,6.938
2024-10-25,6.939,6.966,6.934,6.966
2024-10-28,6.984,6.992,6.973,6.978
2024-10-29,6.964,6.976,6.954,6.973
2024-10-30,6.955,6.963,6.942,6.945
2024-10-31,6.951,6.963,6.948,6.96
2024-11-04,6.933,6.933,6.911,6.913
2024-11-05,6.914,6.92,6.909,6.909
2024-11-06,6.922,6.928,6.897,6.911
2024-11-07,6.908,6.915,6.906,6.91
2024-11-08,6.901,6.902,6.882,6.889
2024-11-11,6.902,6.904,6.898,6.903
2024-11-12,6.903,6.917,6.903,6.911
2024-11-13,6.923,6.927,6.915,6.918
2024-11-14,6.931,6.947,6.928,6.947
2024-11-18,6.935,6.94,6.934,6.935
2024-11-19,6.926,6.929,6.922,6.928
2024-11-21,6.938,6.952,6.938,6.951
2024-11-22,6.969,6.98,6.964,6.965
2024-11-25,6.937,6.942,6.933,6.94
2024-11-26,6.935,6.95,6.934,6.944
2024-11-27,6.938,6.938,6.927,6.929
2024-11-28,6.919,6.926,6.914,6.921
2024-11-29,6.918,6.918,6.851,6.857
2024-12-02,6.828,6.845,6.822,6.822
2024-12-03,6.836,6.836,6.821,6.825
2024-12-04,6.801,6.801,6.791,6.797
2024-12-05,6.795,6.801,6.788,6.791
2024-12-06,6.832,6.863,6.823,6.858
2024-12-09,6.841,6.842,6.828,6.831
2024-12-10,6.808,6.822,6.807,6.82
2024-12-11,6.831,6.833,6.818,6.831
2024-12-12,6.844,6.854,6.838,6.853
2024-12-13,6.865,6.865,6.839,6.841
2024-12-16,6.851,6.858,6.847,6.858
2024-12-17,6.866,6.875,6.865,6.873
2024-12-18,6.868,6.869,6.86,6.86
2024-12-19,6.903,6.909,6.897,6.901
2024-12-20,6.904,6.91,6.899,6.904
2024-12-23,6.89,6.896,6.886,6.889
2024-12-24,6.899,6.9,6.887,6.89
2024-12-26,6.893,6.9,6.893,6.898
2024-12-27,6.897,6.921,6.895,6.9
2024-12-30,6.901,6.901,6.887,6.888
2025-01-01,6.89,6.897,6.89,6.897
2025-01-02,6.906,6.913,6.899,6.904
2025-01-03,6.909,6.911,6.892,6.893
2025-01-06,6.899,6.906,6.863,6.863
2025-01-07,6.849,6.87,6.844,6.862
2025-01-08,6.868,6.885,6.853,6.883
2025-01-09,6.883,6.896,6.877,6.879
2025-01-10,6.879,6.886,6.871,6.886
2025-01-13,6.945,6.968,6.94,6.968
2025-01-14,6.977,6.979,6.938,6.938
2025-01-15,6.93,6.933,6.919,6.928
2025-01-16,6.893,6.893,6.863,6.863
2025-01-17,6.865,6.893,6.862,6.881
2025-01-20,6.884,6.886,6.872,6.874
2025-01-21,6.851,6.856,6.845,6.851
2025-01-22,6.845,6.845,6.828,6.835
2025-01-23,6.839,6.852,6.83,6.847
2025-01-24,6.829,6.838,6.826,6.834
2025-01-27,6.787,6.793,6.784,6.792
2025-01-28,6.761,6.802,6.761,6.8
2025-01-29,6.792,6.815,6.789,6.797
2025-01-30,6.793,6.805,6.789,6.798
2025-01-31,6.801,6.812,6.794,6.812
2025-02-03,6.795,6.795,6.77,6.778
2025-02-04,6.779,6.79,6.778,6.784
2025-02-05,6.776,6.778,6.764,6.773
2025-02-06,6.765,6.769,6.765,6.767
2025-02-07,6.813,6.822,6.799,6.818
2025-02-10,6.837,6.837,6.821,6.826
2025-02-11,6.8,6.811,6.798,6.81
2025-02-12,6.807,6.813,6.805,6.813
2025-02-13,6.815,6.831,6.813,6.823
2025-02-14,6.813,6.822,6.81,6.82
2025-02-17,6.802,6.806,6.802,6.805
2025-02-18,6.806,6.807,6.792,6.797
2025-02-20,6.796,6.818,6.795,6.817
2025-02-21,6.816,6.826,6.815,6.819
2025-02-24,6.813,6.819,6.809,6.816
2025-02-25,6.809,6.821,6.807,6.82
2025-02-27,6.813,6.824,6.812,6.822
2025-02-28,6.828,6.843,6.82,6.842
2025-03-03,6.847,6.854,6.842,6.851
2025-03-04,6.835,6.858,6.835,6.858
2025-03-05,6.849,6.85,6.821,6.821
2025-03-06,6.802,6.805,6.791,6.792
2025-03-07,6.797,6.802,6.794,6.8
2025-03-10,6.804,6.817,6.804,6.815
2025-03-11,6.807,6.813,6.799,6.807
2025-03-12,6.794,6.805,6.789,6.794
2025-03-13,6.799,6.81,6.799,6.81
2025-03-17,6.8,6.804,6.799,6.801
2025-03-18,6.806,6.807,6.78,6.783
2025-03-19,6.773,6.776,6.766,6.771
2025-03-20,6.751,6.754,6.739,6.747
2025-03-21,6.728,6.743,6.727,6.734
2025-03-24,6.736,6.746,6.736,6.739
2025-03-25,6.749,6.749,6.73,6.748
2025-03-26,6.736,6.738,6.707,6.712
2025-03-27,6.701,6.712,6.693,6.712
2025-03-28,6.699,6.699,6.685,6.691
2025-04-02,6.618,6.618,6.587,6.587
2025-04-03,6.598,6.607,6.588,6.603
2025-04-04,6.582,6.59,6.568,6.568
2025-04-07,6.594,6.597,6.579,6.59
2025-04-08,6.592,6.598,6.575,6.579
2025-04-09,6.608,6.608,6.534,6.548
2025-04-11,6.542,6.551,6.526,6.548
2025-04-15,6.515,6.526,6.51,6.517
2025-04-16,6.518,6.518,6.491,6.491
2025-04-17,6.481,6.483,6.472,6.473
2025-04-21,6.463,6.466,6.417,6.417
2025-04-22,6.438,6.444,6.419,6.42
2025-04-23,6.409,6.444,6.406,6.43
2025-04-24,6.449,6.459,6.416,6.422
2025-04-25,6.47,6.475,6.457,6.466
2025-04-28,6.47,6.504,6.469,6.498
2025-04-29,6.456,6.47,6.431,6.442
2025-04-30,6.46,6.469,6.45,6.458
2025-05-02,6.458,6.463,6.446,6.455
2025-05-05,6.431,6.435,6.419,6.425
2025-05-06,6.452,6.457,6.443,6.453
2025-05-07,6.449,6.45,6.435,6.437
2025-05-08,6.415,6.505,6.411,6.501
2025-05-09,6.532,6.539,6.474,6.475
2025-05-12,6.42,6.425,6.402,6.409
2025-05-13,6.392,6.399,6.375,6.379
2025-05-14,6.375,6.375,6.335,6.338
2025-05-15,6.363,6.364,6.325,6.327
2025-05-16,6.321,6.323,6.312,6.321
2025-05-23,6.338,6.338,6.311,6.311
2025-05-26,6.315,6.326,6.301,6.301
2025-05-27,6.31,6.31,6.301,6.301
2025-05-28,6.307,6.309,6.261,6.261
2025-05-29,6.18,6.186,6.18,6.183
2025-05-30,6.189,6.227,6.176,6.222
2025-06-02,6.213,6.236,6.213,6.22
2025-06-03,6.212,6.212,6.202,6.206
2025-06-04,6.203,6.214,6.203,6.211
2025-06-05,6.203,6.205,6.199,6.201
2025-06-06,6.192,6.233,6.19,6.233
2025-06-09,6.269,6.286,6.261,6.282
2025-06-10,6.269,6.299,6.265,6.299
2025-06-11,6.284,6.302,6.273,6.302
2025-06-12,6.293,6.293,6.277,6.277
2025-06-13,6.316,6.318,6.301,6.301
2025-06-16,6.29,6.292,6.27,6.27
2025-06-17,6.262,6.273,6.258,6.26
2025-06-18,6.263,6.263,6.256,6.258
2025-06-19,6.285,6.317,6.282,6.31
2025-06-20,6.304,6.319,6.304,6.312
2025-06-23,6.328,6.328,6.303,6.308
2025-06-24,6.287,6.289,6.257,6.257
2025-06-25,6.261,6.29,6.259,6.282
2025-06-26,6.29,6.291,6.265,6.277
2025-06-27,6.29,6.317,6.285,6.314
2025-06-30,6.323,6.329,6.314,6.319
2025-07-01,6.31,6.311,6.29,6.29
2025-07-02,6.294,6.294,6.286,6.287
2025-07-03,6.291,6.3,6.287,6.287
2025-07-04,6.304,6.304,6.293,6.293
2025-07-07,6.297,6.297,6.287,6.296
2025-07-08,6.294,6.307,6.294,6.307
2025-07-09,6.312,6.315,6.309,6.314
2025-07-10,6.315,6.321,6.315,6.317
2025-07-11,6.328,6.328,6.301,6.301
2025-07-14,6.311,6.315,6.307,6.312
2025-07-15,6.315,6.32,6.31,6.313
2025-07-16,6.315,6.315,6.313,6.313
2025-07-17,6.313,6.313,6.298,6.304
2025-07-18,6.3,6.309,6.296,6.306
2025-07-21,6.296,6.303,6.296,6.301
2025-07-22,6.307,6.307,6.294,6.299
2025-07-23,6.311,6.313,6.308,6.313
2025-07-24,6.322,6.33,6.32,6.328
2025-07-25,6.329,6.365,6.327,6.351
2025-07-28,6.361,6.374,6.36,6.374
2025-07-29,6.367,6.382,6.362,6.362
2025-07-30,6.365,6.379,6.363,6.368
2025-07-31,6.372,6.378,6.365,6.366
2025-08-01,6.374,6.378,6.367,6.37
2025-08-04,6.34,6.341,6.323,6.325
2025-08-05,6.323,6.336,6.321,6.336
2025-08-06,6.377,6.421,6.377,6.421
2025-08-07,6.401,6.407,6.388,6.388
2025-08-08,6.396,6.418,6.374,6.418
2025-08-11,6.437,6.449,6.421,6.445
2025-08-12,6.427,6.494,6.425,6.494
2025-08-13,6.501,6.501,6.458,6.486
2025-08-14,6.481,6.485,6.402,6.402
2025-08-18,6.447,6.5,6.445,6.5
2025-08-19,6.513,6.547,6.51,6.51
2025-08-20,6.493,6.505,6.493,6.498
2025-08-21,6.512,6.528,6.512,6.527
2025-08-22,6.549,6.561,6.532,6.55
2025-08-25,6.548,6.598,6.548,6.598
2025-08-26,6.622,6.65,6.599,6.599
2025-08-28,6.596,6.596,6.549,6.551
2025-08-29,6.57,6.615,6.536,6.564
2025-09-01,6.606,6.623,6.577,6.579
2025-09-02,6.575,6.589,6.566,6.566
2025-09-03,6.561,6.567,6.539,6.543
2025-09-04,6.527,6.529,6.49,6.492
2025-09-05,6.486,6.492,6.459,6.461
2025-09-08,6.477,6.492,6.459,6.463
2025-09-09,6.449,6.495,6.449,6.495
2025-09-10,6.512,6.519,6.467,6.467
2025-09-11,6.475,6.497,6.468,6.468
2025-09-12,6.465,6.491,6.451,6.486
2025-09-15,6.497,6.504,6.486,6.502
2025-09-16,6.495,6.495,6.483,6.493
2025-09-17,6.479,6.482,6.465,6.465
2025-09-18,6.497,6.513,6.497,6.512
2025-09-19,6.508,6.531,6.496,6.496
2025-09-22,6.503,6.504,6.489,6.494
2025-09-23,6.497,6.501,6.477,6.479
2025-09-24,6.478,6.487,6.468,6.487
2025-09-25,6.489,6.497,6.481,6.495
2025-09-26,6.502,6.521,6.489,6.521
2025-09-29,6.519,6.576,6.519,6.56
2025-09-30,6.552,6.574,6.533,6.572
2025-10-01,6.591,6.6,6.521,6.521
2025-10-03,6.508,6.519,6.505,6.514
2025-10-06,6.507,6.522,6.502,6.52
2025-10-07,6.507,6.516,6.506,6.512
2025-10-08,6.496,6.507,6.494,6.506
2025-10-09,6.522,6.527,6.519,6.523
2025-10-10,6.521,6.535,6.515,6.535
2025-10-13,6.514,6.519,6.512,6.519
2025-10-14,6.525,6.527,6.506,6.509
2025-10-15,6.503,6.503,6.484,6.484
2025-10-16,6.5,6.505,6.495,6.505
2025-10-17,6.482,6.52,6.477,6.52
2025-10-20,6.509,6.519,6.507,6.507
2025-10-21,6.506,6.506,6.506,6.506
2025-10-23,6.531,6.54,6.527,6.54
2025-10-24,6.541,6.57,6.535,6.537
2025-10-27,6.543,6.546,6.538,6.546
2025-10-28,6.553,6.553,6.534,6.539
2025-10-29,6.524,6.529,6.521,6.528
2025-10-30,6.554,6.576,6.554,6.574
2025-10-31,6.591,6.6,6.531,6.531
2025-11-03,6.538,6.56,6.537,6.54
2025-11-04,6.518,6.524,6.512,6.524
2025-11-06,6.518,6.518,6.497,6.509
2025-11-07,6.522,6.524,6.508,6.511
2025-11-10,6.526,6.526,6.493,6.493
2025-11-11,6.491,6.504,6.481,6.504
2025-11-12,6.476,6.491,6.476,6.489
2025-11-13,6.49,6.517,6.49,6.513
2025-11-14,6.529,6.54,6.527,6.538
2025-11-17,6.544,6.548,6.534,6.539
2025-11-18,6.535,6.535,6.508,6.523
2025-11-19,6.511,6.537,6.511,6.534
2025-11-20,6.544,6.546,6.535,6.537
2025-11-21,6.528,6.575,6.527,6.563
2025-11-24,6.558,6.558,6.525,6.525
2025-11-25,6.508,6.511,6.49,6.496
2025-11-26,6.5,6.5,6.486,6.492
2025-11-27,6.499,6.518,6.499,6.513
2025-11-28,6.514,6.57,6.5,6.57
2025-12-01,6.552,6.572,6.546,6.564
2025-12-02,6.568,6.571,6.524,6.536
2025-12-03,6.526,6.547,6.52,6.544
2025-12-04,6.547,6.552,6.53,6.532
2025-12-05,6.503,6.519,6.489,6.511
2025-12-08,6.521,6.575,6.513,6.575
2025-12-09,6.56,6.629,6.56,6.618
2025-12-10,6.601,6.668,6.6,6.661
2025-12-11,6.652,6.652,6.607,6.607
2025-12-12,6.55,6.604,6.547,6.595
2025-12-15,6.609,6.616,6.591,6.591
2025-12-16,6.598,6.607,6.583,6.583
2025-12-17,6.574,6.602,6.567,6.598
2025-12-18,6.597,6.6,6.58,6.582
2025-12-19,6.579,6.611,6.579,6.608
2025-12-22,6.644,6.673,6.641,6.667
2025-12-23,6.694,6.694,6.641,6.644
2025-12-24,6.564,6.564,6.532,6.536
2025-12-26,6.547,6.574,6.54,6.562
2025-12-29,6.573,6.588,6.563,6.586
2025-12-30,6.591,6.602,6.582,6.586
2025-12-31,6.584,6.604,6.569,6.58
2026-01-01,6.614,6.614,6.583,6.585
2026-01-02,6.584,6.624,6.583,6.611
2026-01-05,6.641,6.655,6.634,6.634
2026-01-06,6.639,6.644,6.612,6.612
2026-01-07,6.632,6.632,6.611,6.611
2026-01-08,6.617,6.63,6.617,6.63
2026-01-09,6.644,6.648,6.627,6.632
2026-01-12,6.627,6.632,6.594,6.601
2026-01-13,6.631,6.635,6.622,6.626
2026-01-14,6.643,6.652,6.637,6.647
2026-01-15,6.647,6.647,6.647,6.647
2026-01-16,6.666,6.687,6.661,6.678
2026-01-19,6.686,6.692,6.675,6.683
2026-01-20,6.661,6.684,6.651,6.673
2026-01-21,6.67,6.675,6.656,6.656
2026-01-22,6.647,6.647,6.633,6.635
2026-01-23,6.664,6.673,6.649,6.659
2026-01-26,6.659,6.659,6.659,6.659
2026-01-27,6.675,6.718,6.675,6.718
2026-01-28,6.703,6.715,6.696,6.701
2026-01-29,6.715,6.715,6.695,6.695
2026-01-30,6.712,6.714,6.687,6.696
2026-02-02,6.754,6.777,6.753,6.77
2026-02-03,6.729,6.734,6.717,6.723
2026-02-04,6.705,6.709,6.696,6.696
2026-02-05,6.689,6.689,6.638,6.64
2026-02-06,6.702,6.756,6.699,6.746
2026-02-09,6.758,6.765,6.749,6.76
2026-02-10,6.759,6.767,6.731,6.731
2026-02-11,6.735,6.738,6.709,6.709
2026-02-12,6.722,6.722,6.68,6.685
2026-02-13,6.674,6.69,6.668,6.687
2026-02-16,6.669,6.685,6.667,6.67
2026-02-17,6.672,6.672,6.636,6.657
2026-02-18,6.672,6.678,6.669,6.674
2026-02-19,6.674,6.674,6.674,6.674
2026-02-20,6.714,6.735,6.712,6.722
2026-02-23,6.715,6.723,6.702,6.702
2026-02-24,6.701,6.701,6.665,6.683
2026-02-25,6.68,6.693,6.667,6.682
2026-02-26,6.679,6.693,6.679,6.69
2026-02-27,6.705,6.712,6.657,6.66
2026-03-02,6.695,6.699,6.678,6.679
2026-03-04,6.725,6.725,6.681,6.681
2026-03-05,6.669,6.669,6.636,6.644
2026-03-06,6.65,6.711,6.646,6.684
2026-03-09,6.742,6.761,6.721,6.721
2026-03-10,6.691,6.691,6.665,6.668
2026-03-11,6.653,6.693,6.648,6.648
2026-03-12,6.661,6.676,6.66,6.668
2026-03-13,6.675,6.698,6.672,6.68
2026-03-16,6.699,6.719,6.698,6.698
2026-03-17,6.714,6.721,6.711,6.715
2026-03-18,6.702,6.738,6.702,6.737
2026-03-20,6.753,6.773,6.75,6.75
2026-03-23,6.816,6.887,6.81,6.83
2026-03-24,6.845,6.861,6.816,6.861
2026-03-25,6.866,6.879,6.854,6.872
2026-03-27,6.938,6.946,6.917,6.94
2026-03-30,6.945,7.004,6.945,7.004
2026-04-02,6.994,7.118,6.994,7.118
2026-04-06,7.12,7.126,7.053,7.053
2026-04-07,7.03,7.048,7.019,7.044
2026-04-08,6.925,6.927,6.908,6.913
2026-04-09,6.933,6.971,6.932,6.971
2026-04-10,6.958,7.003,6.905,6.905
2026-04-13,6.975,6.975,6.874,6.898
2026-04-15,6.89,6.917,6.868,6.868
2026-04-16,6.894,6.901,6.882,6.884
2026-04-17,6.913,6.925,6.896,6.902
2026-04-20,6.908,6.916,6.896,6.903
2026-04-21,6.876,6.892,6.868,6.892
2026-04-22,6.914,6.921,6.897,6.921
2026-04-23,6.958,6.958,6.942,6.954
2026-04-24,6.97,6.982,6.959,6.959
2026-04-27,6.941,6.959,6.932,6.932
2026-04-28,6.966,6.982,6.966,6.979
2026-04-29,6.975,7.002,6.975,6.997
2026-04-30,7.068,7.068,7.017,7.017
2026-05-04,7.015,7.025,6.994,7.014
2026-05-05,7.048,7.055,7.01,7.016
2026-05-06,6.977,6.99,6.865,6.884
2026-05-07,6.955,6.958,6.915,6.931
2026-05-08,6.958,6.983,6.947,6.983
2026-05-11,7.04,7.04,7.03,7.031
2026-05-12,7.037,7.053,7.035,7.048
2026-05-13,7.036,7.049,7.022,7.046
2026-05-14,7.04,7.06,7.02,7.02
2026-05-15,7.055,7.098,7.055,7.064
2026-05-18,7.138,7.138,7.12,7.133
2026-05-19,7.102,7.104,7.098,7.102
2026-05-20,7.123,7.124,7.068,7.068
2026-05-21,7.131,7.131,7.074,7.096
2026-05-22,7.093,7.104,7.073,7.088
2026-05-25,7.024,7.04,7.015,7.021
2026-05-26,7.03,7.042,7.007,7.007
2026-05-27,6.99,7.004,6.973,6.995
2026-05-29,7.009,7.017,6.975,7.017
2026-06-01,7.015,7.052,7.015,7.019
2026-06-02,7.043,7.043,6.999,7.01
2026-06-03,7.046,7.057,7.009,7.026
2026-06-04,7.013,7.019,6.987,7.003
2026-06-05,7.013,7.013,6.924,6.985
2026-06-08,6.975,6.975,6.945,6.945
2026-06-09,6.925,6.925,6.897,6.901
2026-06-10,6.885,6.916,6.876,6.908
2026-06-11,6.917,6.917,6.894,6.896
2026-06-12,6.861,6.874,6.857,6.868
2026-06-15,6.836,6.873,6.831,6.873
2026-06-16,6.866,6.868,6.86,6.866
2026-06-17,6.858,6.865,6.856,6.865
2026-06-18,6.859,6.859,6.832,6.844
2026-06-19,6.851,6.86,6.851,6.86
2026-06-22,6.86,6.86,6.847,6.851
2026-06-23,6.84,6.84,6.824,6.828
2026-06-24,6.821,6.821,6.791,6.792
2026-06-25,6.77,6.783,6.758,6.772
2026-06-29,6.762,6.764,6.755,6.757
2026-06-30,6.732,6.755,6.704,6.755
2026-07-01,6.738,6.763,6.735,6.759
