ticker,oi_mean,oi_median,oi_std,oi_min,oi_max,chg_mean,chg_median,chg_std,chg_min,chg_max,latest_oi,latest_chg,oi_cv,frac_zero_oi,distinct_oi,oi_percentile_latest
ADANIENT.NS,0.7767632871264003,0.7547689936498903,0.15730049200390342,0.47224202106596974,1.308402519324363,-0.0005208296323707029,-0.011409867418703312,0.13053294420127665,-0.4425688612669344,0.5118169806884322,0.6555565301289361,0.01582229056270601,0.20250762955832952,0.0,1142,23.90542907180385
ADANIPORTS.NS,0.6698657699656226,0.6543510614744013,0.14091509474481353,0.3864824495892457,1.445579389399614,-0.000593543093000706,-0.011011787445166898,0.13708569745153049,-0.8110858884865192,0.7684601240491512,0.6553586720242408,0.022036379874522338,0.2103631817939365,0.0,1142,50.26269702276708
APOLLOHOSP.NS,0.6223335533489636,0.5914221068976786,0.18060577594146118,0.29552457813646366,1.3711428222954019,0.0012335733561808964,-0.005500241136861317,0.1640715291304586,-0.5744327805571254,0.7367481536541579,0.8092537698156979,-0.011742459594899501,0.29020735740434905,0.0,1142,85.72679509632225
ASIANPAINT.NS,0.6756810286271817,0.6364861145872512,0.19933739319943808,0.3473680621846448,1.8,0.0009085924694788447,0.0003814009877136093,0.15261029143483684,-0.4156186612576065,0.6067763670129029,0.8477524138372019,-0.05054962012211894,0.2950170047018233,0.0,1142,84.58844133099825
AXISBANK.NS,0.6190336552845371,0.5852064690653871,0.17355941407926184,0.31347280334728034,1.4432077511310406,-0.0009592240132143727,-0.012332055643884288,0.174735076768973,-0.7218663169008427,0.7683960301911581,0.602135449428235,-0.1202770163942809,0.28037153165684625,0.0,1142,53.32749562171629
BAJAJ-AUTO.NS,0.6749994923580936,0.6381317342500588,0.22356391159096858,0.23779408044523148,1.6495317792388922,0.002628812974881034,-0.0014007610496853395,0.18450847537512596,-0.8297126521045358,0.6966514366222089,1.2866371575547315,0.49209369860945373,0.33120604403709064,0.0,1142,97.54816112084063
BAJFINANCE.NS,0.6857971081068982,0.6792630748673406,0.16205675486345097,0.31777122936769325,1.2744006464936697,-0.0008731316343023349,-0.0019724418954312484,0.14125304890541354,-0.571806973648563,0.6066091865746822,0.8012324929971989,-0.0935250947048113,0.23630422605717735,0.0,1142,77.14535901926445
BAJAJFINSV.NS,0.6130378767348231,0.5892946473236619,0.17574976882519694,0.24975676758427287,1.3007884220758181,-0.002301231702945584,-0.009545957365076352,0.17839348424688609,-0.7846487089715213,0.7133645802549192,0.7581432020893905,-0.034066035528862226,0.2866866395944073,0.0,1147,81.08108108108108
BEL.NS,0.609227374834183,0.5865290795808211,0.12473054630091109,0.3522167487684729,1.2194716039109632,-0.002005836538098146,-0.006225037996530458,0.11676951908541745,-0.5442872866903474,0.41822812433592027,0.6916971250886477,0.07098780226380064,0.20473562327178704,0.0,1141,78.28371278458845
BHARTIARTL.NS,0.5174962230782197,0.4938200331657386,0.1426419232859866,0.23010411788017437,1.126305842826395,-0.003073531074966248,-0.0026052235425910453,0.15983870324333144,-0.6270064636976477,0.4832607791265876,0.5638342286175513,0.12241445989973243,0.27563857845668993,0.0,1142,67.07530647985989
BRITANNIA.NS,0.5836061275637564,0.5481238322553091,0.20831464410402478,0.24321006598127973,1.4609582963620231,0.0018287623761154546,-0.013398069856075168,0.19021467205133924,-0.7000052594931743,1.0471694574079524,0.7896108408617095,-0.10052756744278879,0.3569438946325445,0.0,1142,84.41330998248687
CIPLA.NS,0.6212247868769504,0.6037682153293945,0.16460248452139448,0.2913870760180164,1.2830151544971462,0.0010455761265725273,0.0005275072488137855,0.1618723251385723,-0.5929240415316478,0.6871266699045837,0.5778754710209941,-0.026702653035296287,0.2649644508695341,0.0,1142,43.957968476357266
COALINDIA.NS,0.6237915983083591,0.61359090749962,0.148096659230543,0.29926156237854645,1.1632395516294263,-0.001260001468077654,-0.012233321545761566,0.14260545751178494,-0.39769260886242236,0.6152253097728154,0.7216038349041274,0.043846906497660876,0.23741368051791928,0.0,1142,75.56917688266199
DRREDDY.NS,0.6075323296031566,0.5683082636328788,0.16800666333197184,0.3026220396326728,1.3716987865810135,0.0007986417668929734,-0.00971672484099706,0.15888105610578,-0.601443934101598,0.6839667957148885,0.5471313563640069,0.08634593628839893,0.27653946159822423,0.0,1142,42.46935201401051
EICHERMOT.NS,0.6651101508617644,0.6333278978913697,0.2109098096476623,0.2735583935114368,1.4229508196721312,0.002936814816727498,-0.013386619524626525,0.20553880504090366,-0.8055313038248639,0.7508218645425837,1.0036883971026085,0.09178644093951638,0.31710508308194124,0.0,1142,92.6444833625219
GRASIM.NS,0.6301861316609425,0.5899969471572899,0.18438945135486423,0.2430270713699754,1.23500090628965,-0.0002561263436143635,-0.007226981722747744,0.16360018162247622,-0.7055268708283124,0.8504411371535514,0.5412790128293017,0.0912243680205585,0.29259522241290903,0.0,1140,37.39054290718038
HCLTECH.NS,0.5815860002380154,0.5538888560798441,0.16366223346484082,0.28272536361515127,1.3160646017008661,-0.0012150649980330393,-0.004607550714126996,0.13941513761932464,-0.6402555301027154,0.5282866509532258,0.7459635416666667,-0.021677321945760886,0.28140676253875035,0.0,1147,85.70183086312119
HDFCBANK.NS,0.6224195427699447,0.5874857557236093,0.14698889750222766,0.3514873487433768,1.2782212516002711,-0.001172707321301077,-0.004495120200239566,0.13776130517016774,-0.4935952992881327,0.7825699780446695,0.5065175271853586,-0.02602174740889751,0.2361572659625774,0.0,665,19.69924812030075
HDFCLIFE.NS,0.5678312853110633,0.5367772202995198,0.15107804919003104,0.30072519672889986,1.269873417721519,-0.0010419981114224376,-0.008841986097380655,0.14527121925670836,-0.6675083567370341,0.6788751002790063,0.5997082201428715,-0.025703415422441367,0.26606150999106903,0.0,1142,64.09807355516638
HEROMOTOCO.NS,0.5903303176343051,0.5583848909224038,0.19548519298721978,0.2782540919719408,1.7206675224646983,-0.001004268661949458,-0.010539455399743214,0.16592160625128075,-0.9133660546438478,0.7533422459893047,0.6426883448341053,0.17169620265888313,0.33114544035381555,0.0,1142,66.81260945709282
HINDALCO.NS,0.5864427738618786,0.581311419520574,0.17174803737178906,0.19672803160169933,1.1370099095217578,-0.0003958170604262989,-0.01165043481293565,0.1542873750572389,-0.5700468356633589,0.42690232118233207,0.6147093810246523,0.09876197827119337,0.29286410375693345,0.0,1141,57.443082311733804
HINDUNILVR.NS,0.5994253859889773,0.5847232690098704,0.1451781499094074,0.3038127570673108,1.1522086602731765,0.0010373681220716563,-0.005046154748356013,0.13372465438838133,-0.4151078524947428,0.6034428671847932,0.759692563986067,0.034855018859713205,0.24219553142528574,0.0,1142,86.69001751313485
ICICIBANK.NS,0.6551798832761673,0.614853317215117,0.1813392423556033,0.35475362875757627,1.5122853531460987,-0.0005631184700221265,-0.01019309247253522,0.15498067013126082,-0.5387767637157352,0.6377847281962777,0.7924877661684963,-0.14265339282110256,0.27677779337307024,0.0,1142,80.29772329246936
INDIGO.NS,0.6884609695679846,0.6761928429423459,0.18347015529904642,0.3099286889742183,1.4222575998787053,-0.00010438870622292249,-0.0029904676453638146,0.17579381008175352,-0.6536551925515438,0.6538317505745204,0.8625670522846248,0.09784872156129987,0.26649318321440296,0.0,1143,83.7270341207349
INFY.NS,0.5886271895161306,0.5667560215074958,0.15033191683000827,0.28255894858909936,1.154996033237296,-0.000787118158558922,-0.0010755723350956425,0.13839160213157506,-0.48227071835061686,0.5528123892517904,0.9565567608205349,0.2882854979641971,0.2553941093913546,0.0,1144,97.37762237762237
ITC.NS,0.5305104328024656,0.512286546764603,0.11719973691879305,0.31854001726703285,0.9806283163480165,-0.0018746759629389733,-0.0048280770127654415,0.11073905643173247,-0.5448781078581952,0.51670920773247,0.6883997077091706,0.0516536646462874,0.2209188164305755,0.0,1142,89.92994746059544
JSWSTEEL.NS,0.6996699206059023,0.6899671004741446,0.15206540535869803,0.3584502268342285,1.254677903156692,-0.00013709854122922658,-0.008691470609938773,0.1407741111401779,-0.4864297025666754,0.546224730845312,0.6799628942486086,0.0012177580618381034,0.21733877772966426,0.0,1142,47.46059544658494
KOTAKBANK.NS,0.6784995401163144,0.6425224579035176,0.16369536968770265,0.384315686945534,1.473603906011596,-0.0037973622600755053,-0.006960244830042428,0.15055550732230616,-0.5027984987640667,0.5318581580890599,0.6682603647291852,0.07528968593088281,0.2412608410311384,0.0,1142,57.00525394045534
LT.NS,0.5832392175857826,0.5510783042560191,0.15377587960846978,0.32023730250015137,1.1835417686590413,-0.0019015221024629235,-0.009490227378768729,0.1617993486824857,-0.5310492862369391,0.6709579575619662,0.5405646446481571,0.09443395498517981,0.2636583325877816,0.0,1142,47.11033274956217
M&M.NS,0.6018953526075466,0.5976854831411537,0.19543966636967497,0.1720504404905856,1.3911749482401656,0.0012877636562483217,-0.012205308441137708,0.1682274685836996,-0.737377541591048,0.7908126831459813,0.7346596596596596,0.04692363373363451,0.3247070533490352,0.0,1142,78.54640980735552
MARUTI.NS,0.5350763326772343,0.49147192098162007,0.19231500080830402,0.2537163162570329,1.135054385883012,-0.003471605366474877,-0.010558207355499616,0.18000891403144673,-0.6613735582193012,0.7122595493827091,0.4126024546949908,-0.08325372278811516,0.3594160105083758,0.0,665,32.33082706766917
NESTLEIND.NS,0.6024262589561371,0.5682015321025441,0.19381417295872153,0.21505376344086022,1.3940961655508217,-0.0010384726339549273,-0.00411608507397182,0.17341321200798127,-0.7207625196058235,0.8404127201119682,0.3939257929383603,-0.27310304941644015,0.3217226508262702,0.0,1141,9.457092819614711
NTPC.NS,0.4016052105023699,0.382473816783773,0.15001843173996857,0.13307130825379002,0.9610511097882473,-0.0013817108793823189,-0.002089629250077385,0.14685939872627374,-0.49631541610505797,0.556898928424099,0.7281083095267669,0.33484536020945055,0.3735470253294517,0.0,1147,96.1639058413252
ONGC.NS,0.40403786244302614,0.38884411796915813,0.1277835125429802,0.11245556984042955,0.993403371610066,-0.0033167117199620465,-0.0068955098863687225,0.13936976830812497,-0.48649212194740576,0.590662220396958,0.5693747685263122,0.09427705975224354,0.31626618300159703,0.0,1142,89.4045534150613
POWERGRID.NS,0.5713220040802561,0.5434220128706959,0.14684881711803707,0.2277869002006933,1.1826295636143271,-0.0010560376735888703,-0.007978796588359982,0.15177129891873775,-0.5084369898227915,0.6850362242101382,0.8804402201100551,0.2660632491389222,0.2570333648437748,0.0,1147,95.5536181342633
RELIANCE.NS,0.5799972555782291,0.5721099644436736,0.11982553699145887,0.2656246446790931,1.0233433266019625,-0.0021055895732303353,-0.0060559285712403765,0.12208003605782804,-0.4977914802238625,0.44593772995994163,0.6123896091117069,0.00702483406223009,0.20659673100004347,0.0,1139,62.6865671641791
SBILIFE.NS,0.46788067894581253,0.4282788432745356,0.18917313632639035,0.18458274398868457,2.0803897685749084,0.00010779625904702731,-0.008636590055076998,0.20134526009026685,-1.418173823010651,1.681517628893746,0.8059817656215255,0.0643043462666868,0.40431918828667723,0.0,1142,95.27145359019265
SBIN.NS,0.6656385836315801,0.6472720166290618,0.1554723972688402,0.36081347036956046,1.3274094727100199,-0.0020597390775130317,-0.009413950648911373,0.14875712795941476,-0.6873101168599389,0.5746900685621612,0.9404746499650612,0.1595323921728331,0.233568788066065,0.0,1147,94.15867480383609
SUNPHARMA.NS,0.5051791921653638,0.4714412205069065,0.16643223472857163,0.18460526315789474,1.3068264955821938,0.0011226605427975588,-0.0025406592541403206,0.15038461399456318,-0.49912573032070656,0.8091885246646278,0.5554095344482045,0.03314500349814631,0.32945188026289934,0.0,1142,68.47635726795096
TATACONSUM.NS,0.6079219221888902,0.5583468445333569,0.22726953645605238,0.2368064952638701,2.1969178082191783,0.0007895501958372611,-0.007849754135806714,0.1699864799293675,-0.9805021011037369,1.6961103146791265,0.6781123139377537,-0.03391840278579572,0.373846588123921,0.0,1142,72.15411558669001
TATASTEEL.NS,0.6156825372807669,0.5898445266486129,0.14715498173002484,0.3199680017963904,1.2125664065061978,-0.0015658211810457298,-0.0031615500462481294,0.129477806441707,-0.44253325398137056,0.6586725013143243,0.6236597767215651,0.06325080643174774,0.23901113450440192,0.0,1142,57.79334500875657
TCS.NS,0.6606177580935704,0.6417798679734152,0.15821959212993747,0.3534229175023399,1.3529660122440363,-0.00012764915097890944,-0.0033632398531439622,0.15837179207494173,-0.7392140420477331,0.7209714084774078,0.8619769369500665,-0.03570533912097584,0.23950248111181888,0.0,1142,90.28021015761821
TECHM.NS,0.6448121978780437,0.6286545049153744,0.16169754109688067,0.2878896452884271,1.18442571392628,-0.0004199552493831897,-0.002620700972447737,0.14109496880595218,-0.48435449288402904,0.6052422884435378,0.6723766486259262,-0.23800886052023362,0.25076687697440747,0.0,1142,58.75656742556918
TITAN.NS,0.6675554231826384,0.654561495181434,0.1770688164556956,0.33459436738125264,1.4403423739300816,0.00015758431972290302,-0.008551504808135157,0.17769651700803196,-0.685613519894052,0.6676148105064685,0.9059245960502693,0.059764570343328494,0.2652496112030699,0.0,1142,90.89316987740806
TRENT.NS,0.5896309410858444,0.5579808071122945,0.23730224240047545,0.11743515850144093,1.8177357167893446,0.00112766376433588,-0.0004279464407942746,0.18092404953803415,-0.7977737396030329,0.8412129375731627,0.5658217939374308,0.04142981844097049,0.4024589380663567,0.0,1142,52.101576182136604
ULTRACEMCO.NS,0.5613474861761991,0.535308106052814,0.16075050001641472,0.26553262109739656,1.3376447876447877,-0.0017521979728984214,-0.005174599657674722,0.14995500146784124,-0.5757015483957502,0.5071524012391472,0.45414388803848676,-0.14143679027600448,0.2863654046291701,0.0,1142,27.583187390542907
WIPRO.NS,0.6033397620816406,0.5835829493087558,0.1365426782980347,0.2883008812833757,1.1226976999908367,-0.0007678483245022845,-0.00618453622868842,0.11687269214060525,-0.4339691422348181,0.4692825734106262,0.6210358965776922,-0.013731391632555878,0.2263114199981378,0.0,1147,61.29032258064516
