ticker,delta_f1_macro,control_f1_macro,pcr_f1_macro,delta_sell_f1,delta_hold_f1,delta_buy_f1,control_sell_f1,control_hold_f1,control_buy_f1,pcr_sell_f1,pcr_hold_f1,pcr_buy_f1,control_cv_score,pcr_cv_score,optuna_trials,classes_improved,classes_worsened,class_collapse,prediction_shift,buy_shift,hold_shift,sell_shift,performance_class
ADANIENT.NS,-0.0094802122007287,0.4142353351567496,0.4047551229560208,0.0368098159509202,-0.0104186764422149,-0.0548317761108917,0.4049079754601227,0.380281690140845,0.457516339869281,0.4417177914110429,0.3698630136986301,0.4026845637583892,0.3774990484682612,0.3826799671907172,75,1,2,,8,-4,4,0,MODERATE_REGRESSION
ADANIPORTS.NS,-0.0246835452288436,0.3926733985128146,0.3679898532839709,-0.0346085287261757,-0.0198412698412698,-0.0196008371190852,0.441025641025641,0.2698412698412698,0.4671532846715328,0.4064171122994652,0.25,0.4475524475524475,0.319254510737872,0.31628303775601,75,0,3,,16,6,2,-8,STRONG_REGRESSION
APOLLOHOSP.NS,0.0541105315467626,0.2179184750109142,0.2720290065576768,0.1087366436203645,-0.0325113954637816,0.0861063464837049,0.054054054054054,0.4676258992805755,0.1320754716981132,0.1627906976744186,0.4351145038167939,0.2181818181818181,0.3130409225499631,0.315461700679771,75,2,1,,32,4,-16,12,STRONG_IMPROVEMENT
ASIANPAINT.NS,0.0335330726491564,0.391544953369817,0.4250780260189735,0.0019574259848299,0.0711364614722341,0.0275053304904051,0.3114754098360656,0.504950495049505,0.3582089552238806,0.3134328358208955,0.5760869565217391,0.3857142857142857,0.3590843994303133,0.3314756048643595,75,3,0,,36,6,-18,12,STRONG_IMPROVEMENT
AXISBANK.NS,0.0024430027044641,0.3533728833789804,0.3558158860834446,0.0058201058201058,-0.0164441998073482,0.0179531021006351,0.2037037037037037,0.4069767441860465,0.449438202247191,0.2095238095238095,0.3905325443786982,0.4673913043478261,0.3666801677074277,0.373455515798978,75,2,1,,12,6,-3,-3,NEUTRAL
BAJAJ-AUTO.NS,0.0399882309008272,0.287483366875339,0.3274715977761663,0.0065217391304347,0.0172579098753595,0.0961850436966874,0.2434782608695652,0.2684563758389262,0.3505154639175257,0.25,0.2857142857142857,0.4467005076142132,0.2997446638222494,0.2782635616349763,75,3,0,,32,3,-16,13,STRONG_IMPROVEMENT
BAJFINANCE.NS,0.0210247808617697,0.3222478143716097,0.3432725952333795,-0.0239938080495356,0.0107453993120936,0.0763227513227513,0.4210526315789473,0.3849765258215962,0.1607142857142857,0.3970588235294117,0.3957219251336898,0.237037037037037,0.3682607814518565,0.360637756070105,75,2,1,,52,23,-26,3,STRONG_IMPROVEMENT
BAJAJFINSV.NS,-0.0247467799089682,0.3090823211875843,0.2843355412786161,-0.0707475209763539,0.0509401709401708,-0.0544329896907216,0.3026315789473684,0.3846153846153846,0.24,0.2318840579710145,0.4355555555555555,0.1855670103092783,0.3279048893964707,0.3391135810177481,75,1,2,,34,-3,17,-14,STRONG_REGRESSION
BEL.NS,-0.0025031256292981,0.2346339953507176,0.2321308697214194,0.0363016917293232,-0.0567226890756302,0.0129116204584125,0.234375,0.1911764705882352,0.2783505154639175,0.2706766917293233,0.134453781512605,0.2912621359223301,0.3029545557333368,0.3167632382441999,75,2,1,,34,12,-17,5,NEUTRAL
BHARTIARTL.NS,0.0309528242329393,0.3322948175035289,0.3632476417364682,0.0251269713980219,0.0081005586592178,0.059630942641578,0.160919540229885,0.45,0.3859649122807017,0.1860465116279069,0.4581005586592179,0.4455958549222797,0.3252549506184118,0.3248334192156846,75,3,0,,44,22,-21,-1,STRONG_IMPROVEMENT
BRITANNIA.NS,0.0255816696606031,0.2954787234042553,0.3210603930648584,-0.0339936414771337,0.0366379310344827,0.0741007194244604,0.1489361702127659,0.4375,0.3,0.1149425287356321,0.4741379310344827,0.3741007194244604,0.3637270657816853,0.3601558349478616,75,2,1,,16,-1,8,-7,STRONG_IMPROVEMENT
CIPLA.NS,-0.0360189645837839,0.3653683519940078,0.3293493874102239,-0.0234463276836158,-0.0200322528147237,-0.064578313253012,0.4067796610169492,0.5447470817120622,0.144578313253012,0.3833333333333333,0.5247148288973384,0.08,0.294586431208325,0.3129651158593582,75,0,3,BUY,16,-8,6,2,STRONG_REGRESSION
COALINDIA.NS,-0.0160709224581037,0.3000861214474903,0.2840151989893866,-0.0447529603919967,0.0649885583524027,-0.0684483653347171,0.3544303797468354,0.1263157894736842,0.4195121951219512,0.3096774193548387,0.1913043478260869,0.351063829787234,0.3230424484925083,0.3248038252113607,30,1,2,,40,-17,20,-3,MODERATE_REGRESSION
DRREDDY.NS,-0.018285307624569,0.365945945945946,0.3476606383213769,-0.0434532374100719,0.0151033386327504,-0.0265060240963855,0.36,0.3378378378378378,0.4,0.316546762589928,0.3529411764705882,0.3734939759036144,0.3391918443745487,0.3411980020847437,75,1,2,,22,6,5,-11,MODERATE_REGRESSION
EICHERMOT.NS,-0.0206020263480333,0.3309354044648162,0.3103333781167828,-0.010122230710466,-0.0718954248366012,0.0202115765029672,0.3088235294117647,0.3333333333333333,0.3506493506493506,0.2987012987012987,0.261437908496732,0.3708609271523179,0.328702201678271,0.3163350039454136,75,1,2,,36,-3,-15,18,STRONG_REGRESSION
GRASIM.NS,0.0095725016152075,0.3252776723654012,0.3348501739806087,0.0232947746310331,0.0247650899824812,-0.0193423597678916,0.2201834862385321,0.3726708074534161,0.3829787234042553,0.2434782608695652,0.3974358974358974,0.3636363636363636,0.3297527183256485,0.3538526609067295,75,2,1,,12,-1,-5,6,MODERATE_IMPROVEMENT
HCLTECH.NS,0.007810189361334,0.3014218208454912,0.3092320102068253,0.0262615301139446,-0.00042364378247,-0.0024073182474723,0.2474226804123711,0.6245847176079734,0.032258064516129,0.2736842105263158,0.6241610738255033,0.0298507462686567,0.3190940516924626,0.3113069243348944,30,1,2,BUY,10,5,-3,-2,MODERATE_IMPROVEMENT
HDFCBANK.NS,0.0108253369997884,0.2709362469969456,0.281761583996734,0.0,0.0868421052631578,-0.0543660942637924,0.1126760563380281,0.2631578947368421,0.4369747899159664,0.1126760563380281,0.35,0.3826086956521739,0.3439225425764444,0.3311691828315073,75,1,1,,8,-4,4,0,MODERATE_IMPROVEMENT
HDFCLIFE.NS,-0.0103545239753153,0.2960536029774906,0.2856990790021752,-0.065040650406504,0.1096910706728734,-0.0757139921923156,0.3333333333333333,0.1726618705035971,0.3821656050955414,0.2682926829268293,0.2823529411764706,0.3064516129032258,0.3154674106246324,0.3082115127143756,75,1,2,,66,-33,31,2,MODERATE_REGRESSION
HEROMOTOCO.NS,-0.0122530846797327,0.3456876053911756,0.3334345207114428,-0.138127007659995,0.0850018654396219,0.0163658881811747,0.3661971830985915,0.4069767441860465,0.2638888888888889,0.2280701754385964,0.4919786096256685,0.2802547770700637,0.3400068226234404,0.3475342474379158,75,2,1,SELL,56,13,15,-28,MODERATE_REGRESSION
HINDALCO.NS,-0.0373701977132988,0.3579609150128768,0.320590717299578,-0.1026086956521739,-0.0282926829268292,0.0187907854391068,0.2826086956521739,0.4682926829268293,0.3229813664596273,0.18,0.44,0.3417721518987341,0.349485586410571,0.3447628054705643,30,1,2,SELL,16,-3,-5,8,STRONG_REGRESSION
HINDUNILVR.NS,-0.0560729255499927,0.4158492689505292,0.3597763434005365,-0.0283687943262411,-0.0116279069767442,-0.1282220753469927,0.3829787234042553,0.5116279069767442,0.3529411764705882,0.3546099290780142,0.5,0.2247191011235955,0.3647411231953917,0.36397105355773,75,0,3,BUY,26,-13,13,0,STRONG_REGRESSION
ICICIBANK.NS,0.0402161162348562,0.3285142912886547,0.368730407523511,0.0448275862068965,0.0121806298276886,0.0636401326699834,0.3,0.4019607843137255,0.2835820895522388,0.3448275862068966,0.4141414141414141,0.3472222222222222,0.3389087086121735,0.3268362793085588,75,3,0,,20,10,-6,-4,STRONG_IMPROVEMENT
INDIGO.NS,0.0834727870636668,0.3125467596805176,0.3960195467441844,0.0923395445134575,0.1121693121693121,0.0459095045082306,0.238095238095238,0.3428571428571428,0.3566878980891719,0.3304347826086956,0.455026455026455,0.4025974025974026,0.2793118278844354,0.2731295154615261,30,3,0,,28,-3,14,-11,STRONG_IMPROVEMENT
INFY.NS,0.0539350060476821,0.2985273464146703,0.3524623524623524,0.0146520146520146,0.0376068376068376,0.109546165884194,0.2051282051282051,0.5777777777777777,0.1126760563380281,0.2197802197802197,0.6153846153846154,0.2222222222222222,0.3479081895586463,0.3328292522947347,75,3,0,,52,10,16,-26,STRONG_IMPROVEMENT
ITC.NS,-0.0239104322313966,0.3237947909623124,0.2998843587309158,-0.0339535282517362,0.010171461784365,-0.0479492302268186,0.1834862385321101,0.4414414414414414,0.3464566929133858,0.1495327102803738,0.4516129032258064,0.2985074626865671,0.3966260608425631,0.4084960015392141,30,1,2,,14,7,-5,-2,STRONG_REGRESSION
JSWSTEEL.NS,0.009125734681777,0.2971291221182106,0.3062548567999877,0.0238848627130754,0.0301011912386319,-0.0266088499063762,0.0792079207920792,0.4834123222748815,0.3287671232876712,0.1030927835051546,0.5135135135135135,0.302158273381295,0.3959536411900542,0.3814511842658129,30,2,1,,22,-7,11,-4,MODERATE_IMPROVEMENT
KOTAKBANK.NS,0.0109722890333386,0.3315943563320569,0.3425666453653956,-0.0199931530297843,0.0050802139037432,0.0478298062260572,0.1417322834645669,0.5176470588235295,0.3354037267080745,0.1217391304347826,0.5227272727272727,0.3832335329341317,0.3721971142816838,0.3669118598645464,75,2,1,,24,6,6,-12,MODERATE_IMPROVEMENT
LT.NS,0.0173090879271224,0.3376900710234043,0.3549991589505267,-0.0424710424710424,0.0231903636158955,0.071207942636514,0.2857142857142857,0.3597883597883597,0.3675675675675676,0.2432432432432432,0.3829787234042553,0.4387755102040816,0.394777278260192,0.388412155727543,75,2,1,,22,11,-1,-10,MODERATE_IMPROVEMENT
M&M.NS,-0.0070065306725793,0.3636142833087007,0.3566077526361214,0.0020859407592824,-0.056025568715924,0.0329200359389038,0.2745098039215686,0.4263959390862944,0.389937106918239,0.2765957446808511,0.3703703703703703,0.4228571428571429,0.338589088619511,0.3564808297328929,75,2,1,,32,16,-8,-8,MODERATE_REGRESSION
MARUTI.NS,-0.0018784655027159,0.2689999729751006,0.2671215074723846,0.0383077948034643,-0.0069061542745753,-0.037037037037037,0.3037974683544304,0.4661654135338345,0.037037037037037,0.3421052631578947,0.4592592592592592,0.0,0.3641466123555215,0.3653843978913909,30,1,2,BUY,6,1,2,-3,NEUTRAL
NESTLEIND.NS,0.0140114698811668,0.2663761898211659,0.2803876597023327,-0.0404040404040403,0.0203216811859039,0.0621167688616368,0.2222222222222222,0.4777327935222672,0.0991735537190082,0.1818181818181818,0.4980544747081712,0.1612903225806451,0.3482415148144774,0.3356323355068408,30,2,1,,26,3,10,-13,MODERATE_IMPROVEMENT
NTPC.NS,-0.0303474498165066,0.2969171773810489,0.2665697275645423,-0.0617397151415123,-0.0499886078833446,0.0206859735753369,0.2406015037593984,0.4976076555023923,0.1525423728813559,0.1788617886178861,0.4476190476190476,0.1732283464566929,0.3431699876741343,0.3294309454847562,75,1,2,,20,9,1,-10,STRONG_REGRESSION
ONGC.NS,-0.0265909677416312,0.3374568720061635,0.3108659042645322,0.0823266219239373,-0.0254592330003222,-0.1366402921485088,0.2666666666666666,0.4392523364485981,0.3064516129032258,0.348993288590604,0.4137931034482758,0.1698113207547169,0.3493465294856587,0.344780669188203,75,1,2,BUY,58,-18,-11,29,STRONG_REGRESSION
POWERGRID.NS,0.0274774119592351,0.3379665008530987,0.3654439128123339,0.0571095571095571,-0.0097288676236043,0.0350515463917525,0.3216783216783216,0.5272727272727272,0.1649484536082474,0.3787878787878788,0.5175438596491229,0.2,0.3128059000370284,0.3248205099273208,75,2,1,,22,3,8,-11,STRONG_IMPROVEMENT
RELIANCE.NS,0.0671096814478023,0.246225991925947,0.3133356733737494,0.0330748175182481,0.1354037267080745,0.0328505001170842,0.2481751824817518,0.2,0.2905027932960894,0.28125,0.3354037267080745,0.3233532934131736,0.3342102846333961,0.3312202828939149,30,3,0,,42,-12,21,-9,STRONG_IMPROVEMENT
SBILIFE.NS,-0.0044727691277223,0.3828967050737821,0.3784239359460598,0.0063025210084033,0.0063716814159291,-0.0260925098074993,0.2794117647058823,0.56,0.3092783505154639,0.2857142857142857,0.5663716814159292,0.2831858407079646,0.3246450723401616,0.3206954538844523,30,2,1,,34,16,1,-17,NEUTRAL
SBIN.NS,0.0268897287971219,0.2633904158904311,0.2902801446875531,0.0415114951089925,-0.0341517673230616,0.073309458605435,0.1897810218978102,0.5152838427947598,0.0851063829787234,0.2312925170068027,0.4811320754716981,0.1584158415841584,0.3415259034320774,0.3535457432921319,75,2,1,,34,7,-17,10,STRONG_IMPROVEMENT
SUNPHARMA.NS,0.02540823578678,0.3285758384630749,0.353984074249855,0.0,0.0382232999008045,0.0380014074595355,0.3333333333333333,0.4454976303317535,0.2068965517241379,0.3333333333333333,0.4837209302325581,0.2448979591836734,0.3909360892018587,0.390935567895894,75,2,0,,12,2,4,-6,STRONG_IMPROVEMENT
TATACONSUM.NS,-0.006867259041172,0.3723536245275376,0.3654863654863655,0.0114840114840115,-0.0442958008175399,0.0122100122100121,0.2522522522522522,0.591304347826087,0.2735042735042735,0.2637362637362637,0.5470085470085471,0.2857142857142857,0.3117317092780679,0.3195752549504919,30,2,1,,40,16,4,-20,MODERATE_REGRESSION
TATASTEEL.NS,0.0014786853205152,0.3921956370081264,0.3936743223286416,0.0271257172665623,-0.0920930232558139,0.0694033619507972,0.380281690140845,0.3866666666666666,0.4096385542168674,0.4074074074074074,0.2945736434108527,0.4790419161676646,0.4263509229289985,0.3989456780574429,75,2,1,,42,1,-21,20,NEUTRAL
TCS.NS,-0.0352504193309162,0.2981568764121305,0.2629064570812143,-0.042016806722689,-0.0376390076988879,-0.0260954435711717,0.1372549019607843,0.3233532934131736,0.4338624338624338,0.0952380952380952,0.2857142857142857,0.4077669902912621,0.3395399584464654,0.36047738071003,30,0,3,SELL,40,17,-20,3,STRONG_REGRESSION
TECHM.NS,-0.0041987537933225,0.3386128430153587,0.3344140892220362,-0.0284900284900284,0.0356363636363636,-0.0197425965263026,0.4021164021164021,0.2363636363636363,0.3773584905660377,0.3736263736263736,0.272,0.3576158940397351,0.3160565489995469,0.3242620209701917,75,1,2,,30,-8,15,-7,NEUTRAL
TITAN.NS,0.0002927160936261,0.3027621136173767,0.3030548297110029,-0.0147286023277371,-0.0132684652808491,0.0288752158894646,0.1654135338345864,0.3157894736842105,0.4270833333333333,0.1506849315068493,0.3025210084033613,0.4559585492227979,0.3081633453924899,0.30938429145171,75,1,2,,28,1,-14,13,NEUTRAL
TRENT.NS,-0.0023131784785858,0.3056795421451042,0.3033663636665184,0.0233019653031175,0.0355029585798816,-0.0657444593187565,0.2601626016260163,0.3195266272189349,0.3373493975903614,0.2834645669291338,0.3550295857988165,0.2716049382716049,0.2640160770008091,0.2672267185867975,30,2,1,,8,-4,0,4,NEUTRAL
ULTRACEMCO.NS,-0.012007745151747,0.386133437040878,0.374125691889131,-0.0114416475972539,0.0453488372093023,-0.0699304250672896,0.3157894736842105,0.35,0.4926108374384236,0.3043478260869565,0.3953488372093023,0.422680412371134,0.3753184706440741,0.3929979635792741,75,1,2,,24,-9,12,-3,MODERATE_REGRESSION
WIPRO.NS,0.0292405972023809,0.2891689625864891,0.3184095597888701,-0.0253942796043838,-0.0152364192099291,0.1283524904214559,0.2093023255813953,0.6026490066225165,0.0555555555555555,0.1839080459770115,0.5874125874125874,0.1839080459770115,0.355170940913966,0.3569081956018619,75,1,2,,32,15,-16,1,STRONG_IMPROVEMENT
