ticker,version,created_at,training_cutoff,dataset_hash,pipeline_version,CV_score,test_F1,BUY_F1,HOLD_F1,SELL_F1,collapse_indicator,train_size,test_size,provenance_status
ADANIENT.NS,3c7a4a5ae14c,2026-08-11T02:24:20.275427+00:00,2026-08-10 00:00:00,4a6571b7cfb2366eab3d055d9bf9e97cdd9bc5508d5307597c533309e2d6dca0,v1,0.3875932267597147,0.41431772135651496,0.43537414965986393,0.4025157232704403,0.4050632911392405,False,924,232,COMPLETE
ADANIENT.NS,66c2ef3e02d0,2026-08-12T02:17:04.202573+00:00,2026-08-10 00:00:00,6e002625f2a404274e8807e682cf32be7102d3441a2ab95ef1be69d4d5ede259,v1,0.38457448858345483,0.44875770567044576,0.425531914893617,0.47337278106508873,0.4473684210526316,False,924,231,COMPLETE
ADANIENT.NS,02396567e184,2026-08-12T06:41:30.091566+00:00,2026-08-10 00:00:00,8d05fbccdfe88a6d61b11a8add94e4e46288faaa916d9aa2ac6aec8db5e37a61,v1,0.3686225382780631,0.4238447116921829,0.3973509933774834,0.4155844155844156,0.4585987261146497,False,923,231,COMPLETE
ADANIPORTS.NS,dd85a7190418,2026-08-11T02:35:20.691748+00:00,2026-08-10 00:00:00,15af4ddf70919c6226baa8200f548e5b288d475de19a446331dd1d18f1c280be,v1,0.32542522546379865,0.4298039215686275,0.42016806722689076,0.4235294117647059,0.44571428571428573,False,924,232,COMPLETE
ADANIPORTS.NS,06bc74a2363f,2026-08-12T02:20:19.479025+00:00,2026-08-10 00:00:00,0ca08bf2d1bf2c42384780749899aacdb1a6fdfdb437dd548f109570c59710c9,v1,0.3230630171219457,0.4669929438303733,0.4566929133858268,0.49079754601226994,0.45348837209302323,False,924,231,COMPLETE
ADANIPORTS.NS,b93ab9691be4,2026-08-12T06:46:46.047599+00:00,2026-08-10 00:00:00,3bbeba10e6062fa10b1ef306f9b85dca4bcf6a4b484c5daa2a55a6526d2df598,v1,0.3297875129790172,0.433873457960765,0.4094488188976378,0.49710982658959535,0.3950617283950617,False,923,231,COMPLETE
APOLLOHOSP.NS,cbe6d8ee7790,2026-08-11T02:40:06.689901+00:00,2026-08-10 00:00:00,fa916535b124b054fd88b02b85795280a2998c89744eb75f2c6b8eaa2e5ff9ad,v1,0.2932904625593336,0.3094712604058768,0.34328358208955223,0.357487922705314,0.22764227642276422,False,924,232,COMPLETE
APOLLOHOSP.NS,a0bd0b468e8b,2026-08-12T02:23:51.763473+00:00,2026-08-10 00:00:00,70c1e00ba0ab52c73145abc207349c3a5a7d1210eb7fe25d8048c02c835a6c33,v1,0.3248009428062247,0.32514214727079543,0.36619718309859156,0.3711340206185567,0.23809523809523808,False,924,231,COMPLETE
APOLLOHOSP.NS,05ede10abd64,2026-08-12T06:51:03.425542+00:00,2026-08-10 00:00:00,ea72e3a15ead211d29295c6a8309fc2754a18e01fcbac57e845f75a7dde042fc,v1,0.307617428704981,0.33361889927310484,0.375,0.3925233644859813,0.23333333333333334,False,923,231,COMPLETE
ASIANPAINT.NS,fc03c2cbd1c4,2026-08-11T02:44:05.252739+00:00,2026-08-10 00:00:00,df185b27664d794fa7efea7de69bd8439ea7526eb5e819d88b12146ddf28537e,v1,0.32662983015614044,0.36129853780127297,0.2807017543859649,0.5258215962441315,0.2773722627737226,False,924,232,COMPLETE
ASIANPAINT.NS,4824c1b99db7,2026-08-12T02:27:35.722475+00:00,2026-08-10 00:00:00,c8abd5a696c3f2ef70db26696976169e2051474248da79c74fe99903eaabaebb,v1,0.33616571414275503,0.33793417928518643,0.23529411764705882,0.5302325581395348,0.2482758620689655,False,924,231,COMPLETE
ASIANPAINT.NS,e6259388a183,2026-08-12T06:54:40.205191+00:00,2026-08-10 00:00:00,6866780e85f5666ab350654e0b524c298f0bd466b2b4e4da8aa3321a8dd014ed,v1,0.34367921252244915,0.3762556882864712,0.33043478260869563,0.5446009389671361,0.2537313432835821,False,923,231,COMPLETE
AXISBANK.NS,c5887408a2bd,2026-08-11T02:49:27.603105+00:00,2026-08-10 00:00:00,f333ed21c1c9f97848a5b26a7044b3c2e280bb91f227b6a5ee6479730b3725ff,v1,0.3709348447160547,0.3862575538094611,0.4727272727272727,0.4842105263157895,0.2018348623853211,False,924,232,COMPLETE
AXISBANK.NS,c9b756f77ab8,2026-08-12T02:31:09.301346+00:00,2026-08-10 00:00:00,ea0fda5a3e2cecc53782b6f564a4f6debd92487ce58eb187dcd6e70ba57c2770,v1,0.36810076607201553,0.3615025386141045,0.44692737430167595,0.43956043956043955,0.19801980198019803,False,924,231,COMPLETE
AXISBANK.NS,6714ad67d111,2026-08-12T07:00:37.877039+00:00,2026-08-10 00:00:00,debd7b1d958256cb0dc2e70191ba5923c01af95189b7ef22c5e8ddf4bc6209c3,v1,0.36497999036100826,0.37634617080468846,0.45614035087719296,0.4787234042553192,0.1941747572815534,False,923,231,COMPLETE
BAJAJ-AUTO.NS,4ead6a75dc12,2026-08-11T02:53:07.260860+00:00,2026-08-10 00:00:00,0b7dfd6a35124f711dcddce49f569b1687113863eca570f3dffc05a1ee1b146e,v1,0.2985209507186804,0.32098765432098764,0.3915343915343915,0.38961038961038963,0.18181818181818182,False,924,232,COMPLETE
BAJAJ-AUTO.NS,48c2a43dffff,2026-08-12T02:34:19.513814+00:00,2026-08-10 00:00:00,644107a7ca31cb0270110122a43f35d4110af4ad4a74ac134b3aaa4eb378705d,v1,0.29438506348591953,0.3219154370143695,0.38341968911917096,0.348993288590604,0.23333333333333334,False,924,231,COMPLETE
BAJAJ-AUTO.NS,db9e0769b1d1,2026-08-12T07:04:55.123241+00:00,2026-08-10 00:00:00,83f61e213fe5c47440c31f1611f078eea096660e54c94d0377fd07e2ece73421,v1,0.28844811904022133,0.3028571428571429,0.37,0.36,0.17857142857142858,False,923,231,COMPLETE
BAJFINANCE.NS,433d0ad7ddca,2026-08-11T02:55:52.455129+00:00,2026-08-10 00:00:00,e055a0e4dc5a5f2446a442d27616669db650a2e2038568ea4cda94b1488dc3d2,v1,0.3667604555612217,0.3319514819267911,0.234375,0.40375586854460094,0.35772357723577236,False,924,232,COMPLETE
BAJFINANCE.NS,397cf26016b6,2026-08-12T02:37:22.322186+00:00,2026-08-10 00:00:00,a4871ee6923ded3d4e5249107c3015a17636eefe29753e887ba065f067de24ff,v1,0.356909623903994,0.380981092981093,0.18803418803418803,0.4909090909090909,0.464,False,924,231,COMPLETE
BAJFINANCE.NS,19fd01804fed,2026-08-12T07:09:23.379167+00:00,2026-08-10 00:00:00,c8693da348366b756838c8ee8900c3872a3c042ef5631321bf2d78139072b479,v1,0.36139062604940986,0.41672188133168175,0.2556390977443609,0.5024630541871922,0.49206349206349204,False,923,231,COMPLETE
BAJAJFINSV.NS,d7782e81c688,2026-08-11T02:58:48.859142+00:00,2026-08-10 00:00:00,bac356e60f68857efd2c53a582010976dab19c8521094ed8df11a4087ead8b9d,v1,0.33015692338552116,0.3167989417989418,0.20833333333333334,0.4642857142857143,0.2777777777777778,False,924,232,COMPLETE
BAJAJFINSV.NS,d1602b7bb0cc,2026-08-12T02:40:57.050309+00:00,2026-08-10 00:00:00,727f94a429e4b636540f137033e480eaf1ae512e6891ede618626cb1ea197113,v1,0.3016795653500127,0.27762921260458207,0.1839080459770115,0.4489795918367347,0.2,False,924,231,COMPLETE
BAJAJFINSV.NS,550436d37c2e,2026-08-12T07:15:54.102304+00:00,2026-08-10 00:00:00,88958ec2c5b6da04dda2ff8575fac7251a3051a566af5880f5621ecba97a6200,v1,0.30745148399090333,0.33525350530283937,0.3275862068965517,0.4225352112676056,0.2556390977443609,False,923,231,COMPLETE
BEL.NS,5c1ff0aa0aad,2026-08-11T03:03:12.551150+00:00,2026-08-10 00:00:00,755079ea8d4fb56250eb174c586c82d49028bedfcfddb672b7918fa1b36c726a,v1,0.30951502449043006,0.24644616678683007,0.30526315789473685,0.1875,0.2465753424657534,False,924,232,COMPLETE
BEL.NS,d531ce73163b,2026-08-12T02:44:08.414129+00:00,2026-08-10 00:00:00,17832ecd38fc1f2c199201a5f16abb59c7930e68991855d38dd5bf8de4dfa54c,v1,0.30595893795669366,0.2769173270245447,0.30939226519337015,0.1925925925925926,0.3287671232876712,False,924,231,COMPLETE
BEL.NS,5cc7f5c36428,2026-08-12T07:22:45.176128+00:00,2026-08-10 00:00:00,ab49fb469f346856bba36cb5f5262d16808760df4090d64eb4c25c0d4d1523b4,v1,0.30432716997393006,0.24917654808959155,0.2916666666666667,0.15151515151515152,0.30434782608695654,False,923,231,COMPLETE
BHARTIARTL.NS,54da001749a5,2026-08-11T03:09:34.736217+00:00,2026-08-10 00:00:00,52eacd86373bac4fab6b0ceaab225b625077b038d7177aa0aae14dce63a1ee9d,v1,0.3090478297253642,0.2568136967664154,0.3487179487179487,0.3723404255319149,0.04938271604938271,False,924,232,COMPLETE
BHARTIARTL.NS,909066bc44c9,2026-08-12T02:49:30.960090+00:00,2026-08-10 00:00:00,a79d5933837307d4a461e4915a129c755e643c5809c331dff3461c608007db51,v1,0.30763076492912744,0.3199191979016837,0.37735849056603776,0.45739910313901344,0.125,False,924,231,COMPLETE
BHARTIARTL.NS,1db6ff197a40,2026-08-12T07:30:04.668027+00:00,2026-08-10 00:00:00,86473990de62642d9c5a622f75545dd81e8f1afb6b3cb4cadacf24858759fc08,v1,0.31832330168990447,0.32362562199222816,0.43157894736842106,0.3783783783783784,0.16091954022988506,False,923,231,COMPLETE
BRITANNIA.NS,fd8d23128b94,2026-08-11T03:14:28.720014+00:00,2026-08-10 00:00:00,e785fe01d9b0907a4d37c9850d5ba38945b2ee592bb15896c31152d985be66b8,v1,0.375114771847038,0.3147896475174617,0.3698630136986301,0.4608695652173913,0.11363636363636363,False,924,232,COMPLETE
BRITANNIA.NS,b4951f71a6bf,2026-08-12T02:54:10.410644+00:00,2026-08-10 00:00:00,442af2d1743bb8b5fa7337ad934155b762045d00bde861f6064c2d65b9487b9d,v1,0.3808784415888023,0.3299627652311958,0.3918918918918919,0.48034934497816595,0.11764705882352941,False,924,231,COMPLETE
BRITANNIA.NS,75a51f014587,2026-08-12T07:41:56.826447+00:00,2026-08-10 00:00:00,4dfe464badbf9e123b450e4f2ee080cd51834191dcf1adca3b2c14f072e71afb,v1,0.36967468955230975,0.31452344839768775,0.39215686274509803,0.4594594594594595,0.09195402298850575,False,923,231,COMPLETE
CIPLA.NS,4667a453f22d,2026-08-11T03:17:10.919153+00:00,2026-08-10 00:00:00,facd0b86d3836529722cf46d4c9e472ab8436e4c89cd51317bfc707c9d1d4ac1,v1,0.3030749116678516,0.38519482474325556,0.2558139534883721,0.5890909090909091,0.3106796116504854,False,924,232,COMPLETE
CIPLA.NS,91f547418e28,2026-08-12T02:58:21.593787+00:00,2026-08-10 00:00:00,3f4a9c8e1c495af9d4d937d5f4c56e87fa37056515d66a1ee5ebff8bef9d165b,v1,0.3106231507934906,0.3608957795004306,0.2222222222222222,0.5271317829457365,0.3333333333333333,False,924,231,COMPLETE
CIPLA.NS,a133bb37aed0,2026-08-12T07:50:36.204581+00:00,2026-08-10 00:00:00,de3a96366e1ef55b825df681c7f1f05f82ff0110128b26cda0f8e0fe5307dd08,v1,0.293694403128597,0.3543953623278282,0.17777777777777778,0.5551330798479087,0.3302752293577982,False,923,231,COMPLETE
COALINDIA.NS,34ba065a209a,2026-08-11T03:18:48.160412+00:00,2026-08-10 00:00:00,8bab44cf3a6a9b66eb7077de3897d2b50347dc0539f37835bb9e0977548d05f2,v1,0.32632784923224734,0.3021760488376455,0.36464088397790057,0.21052631578947367,0.33136094674556216,False,924,232,COMPLETE
COALINDIA.NS,8c000efaacb2,2026-08-12T03:00:15.316014+00:00,2026-08-10 00:00:00,db4e9cd2235af872a245f018867615a803a1f2952ddb8e7c41d9a20c679b49e8,v1,0.3230990217698172,0.2716767881241566,0.3541666666666667,0.14035087719298245,0.32051282051282054,False,924,231,COMPLETE
COALINDIA.NS,174fb1f190ff,2026-08-12T07:55:46.153001+00:00,2026-08-10 00:00:00,b0b8edbd6a2d1b738f5d48d5fa2ca8621e134cad8ea4d3a38b2d28606dfd9b1a,v1,0.31299052637038094,0.2616357366361389,0.30601092896174864,0.1320754716981132,0.3468208092485549,False,923,231,COMPLETE
DRREDDY.NS,776e48979a61,2026-08-11T03:22:52.490074+00:00,2026-08-10 00:00:00,53e25877a8b36037f62435a306093a1db30f97fd643e062e37e850242b1629ff,v1,0.33313379041500485,0.4027838578400376,0.42696629213483145,0.4025974025974026,0.3787878787878788,False,924,232,COMPLETE
DRREDDY.NS,2ac38559612d,2026-08-12T03:04:56.991724+00:00,2026-08-10 00:00:00,de8a186596b40d4d9f9224576eaa8292b079cd92cdd42007e0b6936468b740bb,v1,0.3299322821526217,0.3751168489630028,0.40236686390532544,0.37333333333333335,0.34965034965034963,False,924,231,COMPLETE
DRREDDY.NS,7210d4a2ac7f,2026-08-12T08:00:47.980929+00:00,2026-08-10 00:00:00,97db20ffb58da8b3fc2e791bb652088cb898c4e1201d6879e9da75877bf528ca,v1,0.3277415792667968,0.4109965594022711,0.4024390243902439,0.4276729559748428,0.4028776978417266,False,923,231,COMPLETE
EICHERMOT.NS,cebb182a5b8f,2026-08-11T03:26:58.431967+00:00,2026-08-10 00:00:00,e111815dfbe7497f744c795be765cdebe08b9ef4f87ea6164734fec9d8a2e2e5,v1,0.30152628078692423,0.3197344399779712,0.3561643835616438,0.32098765432098764,0.28205128205128205,False,924,232,COMPLETE
EICHERMOT.NS,f4fcbc8ea09b,2026-08-12T03:08:48.900024+00:00,2026-08-10 00:00:00,65f7a51bf063ffe46be0ef4e840fa45f9757ebb42c7f8932053ebe4c5231be19,v1,0.32025447919149735,0.3736490284693841,0.5157232704402516,0.3132530120481928,0.291970802919708,False,924,231,COMPLETE
EICHERMOT.NS,1add26b9ab6f,2026-08-12T08:04:45.008309+00:00,2026-08-10 00:00:00,3fda3a4b0c6c822942edec0f2b18339dc680e27cf4e9e7af9b57d77b8a817496,v1,0.2997193224131584,0.3319929204251068,0.3129251700680272,0.4020618556701031,0.2809917355371901,False,923,231,COMPLETE
ETERNAL.NS,e88bbaaef3e7,2026-08-11T03:28:18.180083+00:00,2026-08-10 00:00:00,12568932df59f0864a3e8bab877f2e2a2afbf053409c7a0e36922fbee9b5eb08,v1,0.3225719066534807,0.34128494113323193,0.41134751773049644,0.4745762711864407,0.13793103448275862,False,924,232,COMPLETE
ETERNAL.NS,95138f428631,2026-08-12T03:10:29.813041+00:00,2026-08-10 00:00:00,d280c4d981429eee3b333feeb6698aa7ebce3f15d9a8410417949dc10b6f15b9,v1,0.3265000780459031,0.3664514403688371,0.4397163120567376,0.4796380090497738,0.18,False,924,231,COMPLETE
ETERNAL.NS,213c7cdf6b07,2026-08-12T08:05:29.100046+00:00,2026-08-10 00:00:00,b59682d66673d0bc1e5e3aa47c6b881e93256f5edf3d388bb84558e6c5e1a72a,v1,0.3296601706993044,0.4245766811804548,0.7076923076923077,0.5660377358490566,0.0,True,245,62,COMPLETE
GRASIM.NS,bd33d236146e,2026-08-11T03:33:37.015297+00:00,2026-08-10 00:00:00,3612c04130902fbca55498b90043c3735f44ff575d6cd60ed21a7b23926afd09,v1,0.3338204040543255,0.32300281231838207,0.3877551020408163,0.38323353293413176,0.19801980198019803,False,924,232,COMPLETE
GRASIM.NS,60c64b7bac5f,2026-08-12T03:14:51.771767+00:00,2026-08-10 00:00:00,b5a85b3b00195cd7bfea31f19f2e4f8e1c3fc1a6d17185d4a0c6a1fc04bc803e,v1,0.33525286592964504,0.3282089232089232,0.375,0.4114285714285714,0.1981981981981982,False,924,231,COMPLETE
GRASIM.NS,2c1de894a637,2026-08-12T08:09:14.446202+00:00,2026-08-10 00:00:00,6c8c8f74487f44dae7d6c4cc29bc7d72ccb3d1b1d5b00207931771bdab1a105a,v1,0.3472435989840758,0.3119822792042862,0.367816091954023,0.4044943820224719,0.16363636363636364,False,923,231,COMPLETE
HCLTECH.NS,e3f525b6c80b,2026-08-11T03:35:27.120799+00:00,2026-08-10 00:00:00,781b60b1501faf5a1442b494687e0a03972dd7812d778fe6ed28ffeb6bc32273,v1,0.32563641880773747,0.29786424868392086,0.03278688524590164,0.6410256410256411,0.21978021978021978,False,924,232,COMPLETE
HCLTECH.NS,0897f8e186c5,2026-08-12T03:16:47.900478+00:00,2026-08-10 00:00:00,cc7a5191011c70057b034485e1cd213a3a1bc86b3c3dac55d325d781e8737928,v1,0.3300968507616683,0.2825171091900793,0.03125,0.6455696202531646,0.17073170731707318,False,924,231,COMPLETE
HCLTECH.NS,c52c57f19196,2026-08-12T08:11:21.974193+00:00,2026-08-10 00:00:00,2dc4c78c772726b194bb62d8db77a35e148bc3475f121b441d938ef9c054452f,v1,0.32948315535645023,0.31177664417749984,0.0,0.6440677966101694,0.2912621359223301,True,923,231,COMPLETE
HDFCBANK.NS,44def814527e,2026-08-11T03:38:25.634849+00:00,2026-08-10 00:00:00,1f7e8a89e764027a4f0de1d8e1bf3d5b981ccd1b3fd47bf32b4653a440099ed4,v1,0.3473212051433649,0.27839146557477407,0.38016528925619836,0.4222222222222222,0.03278688524590164,False,542,136,COMPLETE
HDFCBANK.NS,ea91152f3700,2026-08-12T03:20:07.281315+00:00,2026-08-10 00:00:00,9f9a771f8a1a0d247f4868b343d51a45fb9d7bdb6f67fd09821631f4ab241625,v1,0.3384093902179618,0.2842416402007328,0.3898305084745763,0.43010752688172044,0.03278688524590164,False,541,136,COMPLETE
HDFCBANK.NS,4a79ab752e51,2026-08-12T08:14:05.173265+00:00,2026-08-10 00:00:00,9de40d3b57e993827e5ae92d0ca6c81f1b5e89d304a4490b7ce15ef92ec0cb0c,v1,0.3555857626195199,0.3035074870998125,0.40350877192982454,0.4742268041237113,0.03278688524590164,False,540,136,COMPLETE
HDFCLIFE.NS,41399ec09316,2026-08-11T03:42:08.760066+00:00,2026-08-10 00:00:00,86073d009b198f1a5d85099a26f48d62cc775d25709b7e4f56bb391da29f5edf,v1,0.31497006565524777,0.2671147565884408,0.2857142857142857,0.2787878787878788,0.23684210526315788,False,924,232,COMPLETE
HDFCLIFE.NS,645a8e00fc74,2026-08-12T03:25:48.935748+00:00,2026-08-10 00:00:00,c882aa75e7e00a184440e8bcd00c7be1da4520d95d2065a5e32942f90b85b482,v1,0.30312092107428606,0.28832790147117787,0.2553191489361702,0.3103448275862069,0.29931972789115646,False,924,231,COMPLETE
HDFCLIFE.NS,2a47400ee179,2026-08-12T08:19:23.130794+00:00,2026-08-10 00:00:00,0de0ee4198b1ba18a77973bc2875bd887168e3e531ff24711a59fde70dbad720,v1,0.29216491592410065,0.21942714497280588,0.1925925925925926,0.20481927710843373,0.2608695652173913,False,923,231,COMPLETE
HEROMOTOCO.NS,38319e433e38,2026-08-11T03:45:16.400842+00:00,2026-08-10 00:00:00,262f6de88634b2f81ac6a95456b14ff2592222b547b3e0f1ea6cd1cc758ba671,v1,0.32689034350337914,0.3146677069872154,0.29931972789115646,0.34838709677419355,0.2962962962962963,False,924,232,COMPLETE
HEROMOTOCO.NS,8bc8602ae09a,2026-08-12T03:29:36.291788+00:00,2026-08-10 00:00:00,57a28f6d2dc874f54026380ea6b04d17af4bf2b9f48396c442531672ca357e5f,v1,0.3587135020564374,0.33857795656481754,0.2631578947368421,0.45989304812834225,0.2926829268292683,False,924,231,COMPLETE
HEROMOTOCO.NS,50e12ce11fad,2026-08-12T08:24:00.535178+00:00,2026-08-10 00:00:00,2a0a631e40c9c4b1592706dac41c63e8bcc91bd825e77b59e076a546b9aaad2f,v1,0.33558471675829343,0.32376884385372345,0.2875816993464052,0.375,0.3087248322147651,False,923,231,COMPLETE
HINDALCO.NS,75117f692dd8,2026-08-11T03:46:22.753653+00:00,2026-08-10 00:00:00,9086a01df7ee9bc65c662780f23383929dde7a82a55a037d6f4af86b05a9f556,v1,0.35415470900559826,0.34295285183177565,0.38666666666666666,0.4663677130044843,0.17582417582417584,False,924,232,COMPLETE
HINDALCO.NS,dbc2925e4fde,2026-08-12T03:31:09.406872+00:00,2026-08-10 00:00:00,bb4f865ffcc3d731e31c76c71e6fc9d67af861797f84b4068b54da62e066713c,v1,0.3545553608370763,0.28889609468414973,0.3684210526315789,0.39622641509433965,0.10204081632653061,False,924,231,COMPLETE
HINDALCO.NS,75c4bcd16d7e,2026-08-12T08:26:38.539548+00:00,2026-08-10 00:00:00,2e9a4bb43bee780f8f3873e42b9a96108caf8b798ff4728a2398a013c658b4d0,v1,0.3346915855940001,0.35269717643154824,0.4146341463414634,0.40816326530612246,0.23529411764705882,False,923,231,COMPLETE
HINDUNILVR.NS,cd95e34ed076,2026-08-11T03:50:22.067966+00:00,2026-08-10 00:00:00,35da51f5ba775aa6d086f3c6c7c3e8e8db5cb17a284c557b7daa381f64e1ae65,v1,0.3732340635181399,0.3571199384892911,0.24761904761904763,0.4778761061946903,0.3458646616541353,False,924,232,COMPLETE
HINDUNILVR.NS,d623ab98c5ab,2026-08-12T03:37:56.864999+00:00,2026-08-10 00:00:00,92f679452ecc3e4ecfb2a83141576d48c9ef720d8559c444e09d7c24cac835d3,v1,0.3710611967972627,0.37508147081478516,0.31683168316831684,0.4774774774774775,0.33093525179856115,False,924,231,COMPLETE
HINDUNILVR.NS,6ae4cbc68cf5,2026-08-12T08:33:20.778998+00:00,2026-08-10 00:00:00,1e3370977a1899f3b60221d4f040f500358d389b53520ebed3bb892a3567fe3b,v1,0.36229338744987255,0.36673656898545764,0.2616822429906542,0.4411764705882353,0.3973509933774834,False,923,231,COMPLETE
ICICIBANK.NS,d63609af1d97,2026-08-11T03:54:28.971417+00:00,2026-08-10 00:00:00,8fbed7bbd585a6ac666643367c9b13acb3ad34c32521ba2cf9f03ea51e18b951,v1,0.33901812142319143,0.30071678147149844,0.2857142857142857,0.4088888888888889,0.20754716981132076,False,924,232,COMPLETE
ICICIBANK.NS,42fb30971459,2026-08-12T03:42:11.834161+00:00,2026-08-10 00:00:00,7466f9d980e66ed169c39d807e730a3c1b67aa246bbd6e6800578f5c9a230467,v1,0.3196645754016272,0.3315888352120236,0.3188405797101449,0.4351851851851852,0.24074074074074073,False,924,231,COMPLETE
ICICIBANK.NS,9a90cf51924c,2026-08-12T08:41:39.046538+00:00,2026-08-10 00:00:00,0d759628054d668245896f10f1dc43dd17b38e8801e589a0dfeedf4a91e26251,v1,0.319812260672954,0.3838073691014867,0.3382352941176471,0.42857142857142855,0.38461538461538464,False,923,231,COMPLETE
INDIGO.NS,25dbcd62a57b,2026-08-11T03:55:49.589901+00:00,2026-08-10 00:00:00,c5a7b6b070d2be0a816041a899231579abf2ba5f98cec145b54a7dfa8a4096e4,v1,0.27854298494689167,0.342081376283536,0.31901840490797545,0.38202247191011235,0.3252032520325203,False,925,232,COMPLETE
INDIGO.NS,f0e8b414f4f4,2026-08-12T03:43:54.021670+00:00,2026-08-10 00:00:00,d99aefc391584574e781d81bf61513d1e8745e8b5ebf6a9748f138e86891d9d5,v1,0.2767202977195835,0.3202332745819582,0.3614457831325301,0.3157894736842105,0.28346456692913385,False,924,232,COMPLETE
INDIGO.NS,208247af8cb1,2026-08-12T08:45:05.588043+00:00,2026-08-10 00:00:00,0808fee3000cb7c49d7c2bebb73bdab9c115a7ec407b6512ab3d6bf48b001507,v1,0.2731588233525123,0.37182792847517937,0.3586206896551724,0.4549763033175355,0.3018867924528302,False,924,231,COMPLETE
INFY.NS,ce793e4e8839,2026-08-11T04:02:46.016275+00:00,2026-08-10 00:00:00,c55f39d4f2614f9a29918b1780b1f6e83c46bd3ba29e23a61200c61bc2c4edc7,v1,0.3491674471995493,0.30815132829085706,0.14084507042253522,0.6153846153846154,0.16822429906542055,False,924,232,COMPLETE
INFY.NS,90f8d2184423,2026-08-12T03:47:59.663789+00:00,2026-08-10 00:00:00,6589d6d32572dff67dbbc060071e94ffe45c53c3b9f43b5f397a692d84ef27bf,v1,0.34670445711857995,0.31619046336042717,0.11267605633802817,0.6202090592334495,0.21568627450980393,False,920,230,COMPLETE
INFY.NS,6c549effc744,2026-08-12T08:51:09.309156+00:00,2026-08-10 00:00:00,130fdd526a51e40562f3f673df0f82c73096ef54da819718b4a3e9d0255834c9,v1,0.34294116016164566,0.31011110011558235,0.12987012987012986,0.6048109965635738,0.1956521739130435,False,919,230,COMPLETE
ITC.NS,ec7014f4e9df,2026-08-11T04:04:11.401628+00:00,2026-08-10 00:00:00,369d0ee08825075c6acd4eca7c2d22b943818618c2a090359981f617130c42ae,v1,0.38924049122005966,0.3140503003003003,0.28125,0.4266666666666667,0.23423423423423423,False,924,232,COMPLETE
ITC.NS,1ff50678cced,2026-08-12T03:49:14.248086+00:00,2026-08-10 00:00:00,7fa4052658502b2fac4eee77f91132cb23ec5b317425c7a4431a73d153c17150,v1,0.3905427211115727,0.33722285452575534,0.288135593220339,0.4649122807017544,0.25862068965517243,False,924,231,COMPLETE
ITC.NS,dd4365c40715,2026-08-12T08:52:35.443076+00:00,2026-08-10 00:00:00,acd1f2fa8c15c173025b85f5b6a8d31506cc33cc729aca6abd6679b59c43bf78,v1,0.3925019237351393,0.3115086669908929,0.21238938053097345,0.48484848484848486,0.23728813559322035,False,923,231,COMPLETE
JIOFIN.NS,a136644c1d2e,2026-08-11T04:05:27.455370+00:00,2026-08-10 00:00:00,dbb1f35b971c8bffa00c61e39c0b29822798132d4fecc52c46d3f6bf7825eba7,v1,0.3593897174811227,0.4536016045450008,0.3434343434343434,0.5094339622641509,0.5079365079365079,False,533,134,COMPLETE
JIOFIN.NS,0d2db96d5965,2026-08-12T03:50:31.159090+00:00,2026-08-10 00:00:00,d44d3e90c2503c0245a5e9aed0d8d05198bfb11aa63c9c8fce34f7e77be272be,v1,0.3593897174811227,0.44772486772486775,0.34,0.49523809523809526,0.5079365079365079,False,533,134,COMPLETE
JIOFIN.NS,beb622d9d178,2026-08-12T08:54:21.868077+00:00,2026-08-10 00:00:00,53d5053c4b9faa7ce9a2dc9ca174132660acf7f2d93318e3c24259cbeb1c7604,v1,0.3118833448366234,0.3038847117794486,0.4473684210526316,0.4642857142857143,0.0,True,312,79,COMPLETE
JSWSTEEL.NS,a62a0a0f6fd9,2026-08-11T04:06:50.503074+00:00,2026-08-10 00:00:00,cdc85c71ee01b7b687f5e16f254a8a805d7fdce4dce7d3db2e5f7c70b2cefb71,v1,0.39112254744961333,0.26837115240804627,0.3522012578616352,0.39408866995073893,0.058823529411764705,False,924,232,COMPLETE
JSWSTEEL.NS,f6cbf70e626f,2026-08-12T03:52:16.579002+00:00,2026-08-10 00:00:00,f0dab8c9b9fc1afe150b914046b3c8f89a4b6dfd57fb43e70bac55baf886d4ee,v1,0.3917800608472353,0.2561447343164908,0.34146341463414637,0.3877551020408163,0.0392156862745098,False,924,231,COMPLETE
JSWSTEEL.NS,15f1cf629f57,2026-08-12T09:00:02.998225+00:00,2026-08-10 00:00:00,c6b20cb51956e916c321e73293db2b1f6056e74d96b1ee65482e4bc9f9fb8728,v1,0.3598016425883369,0.27229461794648346,0.34210526315789475,0.4339622641509434,0.04081632653061224,False,923,231,COMPLETE
KOTAKBANK.NS,ae9b42f39a04,2026-08-11T04:09:04.179175+00:00,2026-08-10 00:00:00,727ccb1f6e5dacfc6f98106f13726897521bd27e1c9630bdaee85068da254ec2,v1,0.3628343235128878,0.32971253017335966,0.3870967741935484,0.5,0.10204081632653061,False,924,232,COMPLETE
KOTAKBANK.NS,8778f8301216,2026-08-12T03:57:28.822627+00:00,2026-08-10 00:00:00,5a8202756403fdb593d6e55f2a3f79d69052df0cef098504f7963f2ea5ef8537,v1,0.36668029926551976,0.3296092399131109,0.36470588235294116,0.519774011299435,0.10434782608695652,False,924,231,COMPLETE
KOTAKBANK.NS,572bb63ba388,2026-08-12T09:08:46.792551+00:00,2026-08-10 00:00:00,7d31729ae9f0b44c652fdb7bf4e8fd7fce0e8245af3cb1ff7e93ec401fab6724,v1,0.38857360859087214,0.3387946345560749,0.40860215053763443,0.5116279069767442,0.09615384615384616,False,923,231,COMPLETE
LT.NS,8c272c989297,2026-08-11T04:14:49.377896+00:00,2026-08-10 00:00:00,0004bba05746a0259a5259312b77ca56867d49f5dfe1e22e6757df01cae307b7,v1,0.4024609042059208,0.33921071755523463,0.41530054644808745,0.35233160621761656,0.25,False,924,232,COMPLETE
LT.NS,1e25cd6b3edc,2026-08-12T04:02:43.286946+00:00,2026-08-10 00:00:00,6aac6e062a77a455d5df6f6b1a5ed2c99eeedd9c288c7538f5c1ef91186b3345,v1,0.3905411309193442,0.3497365900383142,0.41379310344827586,0.34375,0.2916666666666667,False,924,231,COMPLETE
LT.NS,fffa74c6ced2,2026-08-12T09:14:55.913878+00:00,2026-08-10 00:00:00,67c09e873ca98f17883e1321c1ca9c20c2f8419aaac0358da80b323bcc90237f,v1,0.3996989195694311,0.36011205112995565,0.4371584699453552,0.36082474226804123,0.2823529411764706,False,923,231,COMPLETE
M&M.NS,0743b33ecef7,2026-08-11T04:51:25.637878+00:00,2026-08-10 00:00:00,c3eb7d51c5da87a3eb6ff228a6dd676dc155aa508299ae66d652a18b1f8ab385,v1,0.35518306981667674,0.3847397084152051,0.3973509933774834,0.47115384615384615,0.2857142857142857,False,924,232,COMPLETE
M&M.NS,558d590356df,2026-08-12T04:07:55.665816+00:00,2026-08-10 00:00:00,c0ff096089cecb3855a82dc9fa272bdde8e20815e813c289865d466a6ffdf6f7,v1,0.34850182438333166,0.3929848171152519,0.37681159420289856,0.48214285714285715,0.32,False,924,231,COMPLETE
M&M.NS,a82ca768507c,2026-08-12T09:22:06.062022+00:00,2026-08-10 00:00:00,289c5fd3cd8144b85777a519e87bd45388eda64658c42bb0ba11198bc63425da,v1,0.3557305101074509,0.33261487050960736,0.36,0.4473684210526316,0.19047619047619047,False,923,231,COMPLETE
MARUTI.NS,f65d66b576f5,2026-08-11T04:52:10.706670+00:00,2026-08-10 00:00:00,57a053a62090f122b6945b5bf689f9edfae5afb6b416fb5e19aff34b5b729477,v1,0.33026545181327144,0.2766884531590414,0.0,0.5359477124183006,0.29411764705882354,True,542,136,COMPLETE
MARUTI.NS,7ef4e7eabc45,2026-08-12T04:08:52.588047+00:00,2026-08-10 00:00:00,e366caf7401b57aa3d97e087bd38c02d30cb1325bd474b732af4e22c599f7373,v1,0.35231142360776646,0.2951601908657124,0.0,0.5521472392638037,0.3333333333333333,True,541,136,COMPLETE
MARUTI.NS,9d76042d0f88,2026-08-12T09:24:22.324896+00:00,2026-08-10 00:00:00,a2941393fafa6302dccd9acd249325c79a13ed729ad48f1f5b9f3f715e64852f,v1,0.34482897240884675,0.2837265577737447,0.0,0.4827586206896552,0.3684210526315789,True,540,136,COMPLETE
MAXHEALTH.NS,df25620a16f2,2026-08-11T04:57:48.204598+00:00,2026-08-10 00:00:00,7550c08ad52dcd43e2777b49a6c7c971bbb9f0a644c84c7923697796b29dd942,v1,0.409378869770259,0.4304358913725872,0.373134328358209,0.42162162162162165,0.496551724137931,False,924,232,COMPLETE
MAXHEALTH.NS,6687bf1b01c5,2026-08-12T04:13:04.606355+00:00,2026-08-10 00:00:00,e77ef656ec7e21465de3dd0a8a229d26d8cf2dc7bdb48c08735f4a6cb75157ed,v1,0.4075733892537703,0.4304654351191954,0.36764705882352944,0.40476190476190477,0.5189873417721519,False,924,231,COMPLETE
MAXHEALTH.NS,89ccde0bb6bb,2026-08-12T09:28:20.050809+00:00,2026-08-10 00:00:00,1742e767ae4c9db408f4db91d615f35da133d76d7774243c92d886954ba9b8da,v1,0.4270401795763311,0.3040361465018999,0.36363636363636365,0.19230769230769232,0.3561643835616438,False,312,79,COMPLETE
NESTLEIND.NS,f04bde3608d3,2026-08-11T04:59:52.806984+00:00,2026-08-10 00:00:00,7375ce28ccc28fdd3514e39ddbbf64f8664cee7786c09be65ef0a05dc5b1d7b4,v1,0.34524218281263563,0.2644463789357897,0.10526315789473684,0.4860557768924303,0.20202020202020202,False,924,232,COMPLETE
NESTLEIND.NS,7aadd30cf3dd,2026-08-12T04:14:20.055597+00:00,2026-08-10 00:00:00,6639b034758d6dcd1635404ec05948f06bc53bc04ff604c1a59f6f75e355d9a6,v1,0.34116531126591537,0.3017682121925181,0.1746031746031746,0.5138339920948617,0.21686746987951808,False,924,231,COMPLETE
NESTLEIND.NS,718f85fe9370,2026-08-12T09:30:37.009429+00:00,2026-08-10 00:00:00,2453356d12834b3caacd29ecd0b9304d1cbfbf752a533fc2edb8f39c456568b9,v1,0.3311938914771892,0.2786840605787974,0.128,0.48582995951417,0.2222222222222222,False,923,231,COMPLETE
NTPC.NS,1f4a7d9a04b8,2026-08-11T05:05:32.954814+00:00,2026-08-10 00:00:00,e609f2059c6758e82fafbe5bb63d81c00713f68d645d58f2a3e23f02504d0bbe,v1,0.33819970223146856,0.3076989816237128,0.16071428571428573,0.5253456221198156,0.23703703703703705,False,924,232,COMPLETE
NTPC.NS,a97c5bf097c4,2026-08-12T04:17:15.265521+00:00,2026-08-10 00:00:00,9947804f57dc6513a533564d01bd93206ff35e1934dd743543e1272e4dac3809,v1,0.3415225533702483,0.2627011578844078,0.10416666666666667,0.4978902953586498,0.18604651162790697,False,924,231,COMPLETE
NTPC.NS,e850d8e39a71,2026-08-12T09:37:40.895735+00:00,2026-08-10 00:00:00,48df128186e7e6144ae1dbcfe20ef35710d364ed5aeb2112acc8e7767b52711a,v1,0.3362228160302152,0.3083873089237896,0.19642857142857142,0.5236051502145923,0.20512820512820512,False,923,231,COMPLETE
ONGC.NS,f9edf9feaee0,2026-08-11T05:11:33.718348+00:00,2026-08-10 00:00:00,238fe12a51814e70d042dbfae15a9379960518cb1ac0d973c2b59e9ae67d5b9f,v1,0.3523151126033972,0.34167422467107383,0.18867924528301888,0.5084745762711864,0.32786885245901637,False,924,232,COMPLETE
ONGC.NS,09b398bfd1df,2026-08-12T05:09:05.652944+00:00,2026-08-10 00:00:00,fb4a4da6fc690d3f46a227dd7a6fdc7f5b5278ca87b040217c8ea8acf8914260,v1,0.3499498012016344,0.3232908353075971,0.13861386138613863,0.4979253112033195,0.3333333333333333,False,924,231,COMPLETE
ONGC.NS,6c29ed4f4b31,2026-08-12T09:42:53.132934+00:00,2026-08-10 00:00:00,322516e5cd47aa77ec010351e85c169ef3fa7dbbf0f53cad63ee2afe26cdd9ae,v1,0.34348153619202393,0.3085824493731919,0.17647058823529413,0.47058823529411764,0.2786885245901639,False,923,231,COMPLETE
POWERGRID.NS,138281d5dbb0,2026-08-11T05:15:33.487658+00:00,2026-08-10 00:00:00,35da0dd8b08fba78f1ec283de4a5838fb134238f2c258f4dc104d6ef4ff845e6,v1,0.3016144435351827,0.28453786750124155,0.09433962264150944,0.45045045045045046,0.3088235294117647,False,924,232,COMPLETE
POWERGRID.NS,40b304c072b0,2026-08-12T05:12:48.217931+00:00,2026-08-10 00:00:00,25da644c870aa8bc8c82eb73eb83b5fc43723f03c78ac719f150d3b0d8ef3a68,v1,0.310404209379872,0.3568764314177158,0.19642857142857142,0.4954128440366973,0.3787878787878788,False,924,231,COMPLETE
POWERGRID.NS,baeacbd6a8ee,2026-08-12T09:46:28.560111+00:00,2026-08-10 00:00:00,57f265bf573ae8ad22fe87235cc0319778fa05291e69ab875c52b4c70d518442,v1,0.3290959740768427,0.3519558953554897,0.13793103448275862,0.5339366515837104,0.384,False,923,231,COMPLETE
RELIANCE.NS,bc1d09c11c6c,2026-08-12T05:14:57.022498+00:00,2026-08-10 00:00:00,3294e0e99e77a75b31cf2e3efe226b660cd1e5fe329a8b0fda3a92283ea29d4a,v1,0.33064606571353633,0.26860184683531046,0.2891566265060241,0.26490066225165565,0.2517482517482518,False,920,230,COMPLETE
RELIANCE.NS,a4264ce3aa03,2026-08-12T09:47:53.839017+00:00,2026-08-10 00:00:00,7639d42e9f266bff631fa62d767051b4f2bc7dc5dfaf71f76cd1b811f3d68f94,v1,0.3316513752771102,0.31017921146953403,0.3763440860215054,0.28,0.27419354838709675,False,919,230,COMPLETE
SBILIFE.NS,7d4e4f2083ec,2026-08-11T05:18:45.462980+00:00,2026-08-10 00:00:00,f4bf7d03a5a0f2d7918f31c99ea8444b095fd113d724acdaf6c0e41518978a2c,v1,0.31389230790182554,0.38659377411831236,0.3119266055045872,0.5938864628820961,0.25396825396825395,False,924,232,COMPLETE
SBILIFE.NS,56d64f0a6cba,2026-08-12T05:17:11.723283+00:00,2026-08-10 00:00:00,a95ed4bbe92b6c2d89ff6bf539457640c70df021b2cef1b75c880cc96c6c4672,v1,0.3098257184674101,0.3525414856521058,0.2247191011235955,0.5775862068965517,0.2553191489361702,False,924,231,COMPLETE
SBILIFE.NS,710b376617f0,2026-08-12T09:50:21.680600+00:00,2026-08-10 00:00:00,d65d914820a33a989a7d268ea7e0169a0c7322d463cb47a4af397c47f56786c8,v1,0.3155921252423011,0.323046976599797,0.23529411764705882,0.5934959349593496,0.14035087719298245,False,923,231,COMPLETE
SBIN.NS,82097585e678,2026-08-11T05:22:49.020680+00:00,2026-08-10 00:00:00,7017067311c4dda21510bdec7d1c9f980f98e07f989193780531efad287e3501,v1,0.33607426457716943,0.2836878876004943,0.0898876404494382,0.5564516129032258,0.2047244094488189,False,924,232,COMPLETE
SBIN.NS,89800c74b7e8,2026-08-12T05:28:59.474596+00:00,2026-08-10 00:00:00,558b42cde3945861adfc0d32324b182d19e12512accce19002547b994573feac,v1,0.3301548231343233,0.29902142818317895,0.10752688172043011,0.5338983050847458,0.2556390977443609,False,924,231,COMPLETE
SBIN.NS,41efcda90bcf,2026-08-12T09:59:52.094516+00:00,2026-08-10 00:00:00,c8938bb86354bf62cbf9de961b68bf1588aff513f1e573bcf21057155426cc72,v1,0.3398877318337237,0.3113351807157117,0.16161616161616163,0.56,0.21238938053097345,False,923,231,COMPLETE
SHRIRAMFIN.NS,c1fc54975746,2026-08-11T05:24:07.701394+00:00,2026-08-10 00:00:00,b8e8f004e6afea0a6f134e6359ba60c0b75d47a75e905c81cc5411ca8e33030b,v1,0.31446769800684127,0.28468363666049296,0.33986928104575165,0.19672131147540983,0.31746031746031744,False,924,232,COMPLETE
SHRIRAMFIN.NS,6420994a0e89,2026-08-12T05:32:19.625977+00:00,2026-08-10 00:00:00,5751f9c4a026779e1f519bb6bff28f14dadb91f5a681fd524b79fc81295d27f4,v1,0.30874132001479143,0.27288558303502336,0.34782608695652173,0.18032786885245902,0.2905027932960894,False,924,231,COMPLETE
SHRIRAMFIN.NS,0e7da5a7998c,2026-08-12T10:02:36.825958+00:00,2026-08-10 00:00:00,ab6a46f95008fa4f9197e7d1e475f027ed16a62b083bb368e8fcb185510fd0ed,v1,0.3479060137174069,0.2159103529305221,0.09433962264150944,0.26373626373626374,0.2896551724137931,False,680,171,COMPLETE
SUNPHARMA.NS,24219657af50,2026-08-11T05:30:40.985258+00:00,2026-08-10 00:00:00,bd1f66330f34da064c0343e972cce36e2decce90f3d0caa06786c2380735e6ca,v1,0.3850799934461952,0.3603204739290222,0.2361111111111111,0.504424778761062,0.3404255319148936,False,924,232,COMPLETE
SUNPHARMA.NS,bfa8f74a2afe,2026-08-12T05:39:59.170033+00:00,2026-08-10 00:00:00,539a96f8794d4e4b9d9ec007da155145ca6b3c514e7c1a5e64b5ebc7fef6625e,v1,0.3910100483935187,0.3544181757209926,0.19718309859154928,0.49107142857142855,0.375,False,924,231,COMPLETE
SUNPHARMA.NS,845257eace4d,2026-08-12T10:08:15.785637+00:00,2026-08-10 00:00:00,225ed8288a5e5545b52d230fa7d7b5ff691a4880e18b2a36bfda1051b8e4e10e,v1,0.3973918166197006,0.38016309931203546,0.2097902097902098,0.502127659574468,0.42857142857142855,False,923,231,COMPLETE
TATACONSUM.NS,a52809467ad6,2026-08-11T05:32:26.933967+00:00,2026-08-10 00:00:00,113d38853963386a963e5227d9900fa3e1054d53a01e7fbdb5a72bc5b66de7f6,v1,0.30014307869294254,0.3248860039084374,0.19230769230769232,0.5748031496062992,0.20754716981132076,False,924,232,COMPLETE
TATACONSUM.NS,241b68c2c661,2026-08-12T05:43:40.983581+00:00,2026-08-10 00:00:00,75ec2a86364b3e6a283ae49b017beb5c5b45bd455d67de46a3389331b0577934,v1,0.31764870544148305,0.34476190476190477,0.21428571428571427,0.6,0.22,False,924,231,COMPLETE
TATACONSUM.NS,4d67a31ef2d1,2026-08-12T10:10:53.417190+00:00,2026-08-10 00:00:00,a75ba4df4297f4860c0bb96d62078effd616c0f9c41b4fc863f3e4d9cf1537d7,v1,0.31320506957967686,0.36420242817646353,0.23728813559322035,0.6,0.2553191489361702,False,923,231,COMPLETE
TATASTEEL.NS,b6ad42ab4e15,2026-08-11T05:34:54.456580+00:00,2026-08-10 00:00:00,c328ff7a6aa85558ef7b53861facf0e135a45d97387ea17bdb98d395b905415d,v1,0.43834655457927163,0.37179270360396693,0.4567901234567901,0.273972602739726,0.38461538461538464,False,924,232,COMPLETE
TATASTEEL.NS,182b9748cbf7,2026-08-12T05:49:56.904873+00:00,2026-08-10 00:00:00,f75108c674f6e614826e22319f2eec14f3c5842567ae7ad452d137a388b1a4ab,v1,0.4160576325137072,0.3850953740896815,0.4258064516129032,0.33986928104575165,0.38961038961038963,False,924,231,COMPLETE
TATASTEEL.NS,6b0ec6e931d3,2026-08-12T10:15:44.119749+00:00,2026-08-10 00:00:00,e31da57fc6447c985ab4e6328f4b4ea140f215bc2697509e496c15ff564df18d,v1,0.4031162704702482,0.3695357928387608,0.4578313253012048,0.2727272727272727,0.3780487804878049,False,923,231,COMPLETE
TCS.NS,40b61a24a045,2026-08-11T05:36:27.983401+00:00,2026-08-10 00:00:00,998556da28db60d26936387db340440201fcd3f237eacd6137a2355cab281da9,v1,0.35461077934980034,0.31724938941433783,0.43243243243243246,0.3956043956043956,0.12371134020618557,False,924,232,COMPLETE
TCS.NS,68df90ea3a2f,2026-08-12T05:53:14.759816+00:00,2026-08-10 00:00:00,9f613c0fa3839e7b5de0a7bb271bfa136ee81352e7701574099e7afafbbc63e0,v1,0.3601345615524604,0.28542768462123297,0.4326923076923077,0.3225806451612903,0.10101010101010101,False,924,231,COMPLETE
TCS.NS,39f892ad8a37,2026-08-12T10:17:30.590776+00:00,2026-08-10 00:00:00,d11d98e6eb191d188fbdbf1addd75c1e598986fb0088a92da3f75d6e49c322c2,v1,0.3490534176581823,0.3258845771230335,0.467005076142132,0.40963855421686746,0.10101010101010101,False,923,231,COMPLETE
TECHM.NS,e252ca12ff9b,2026-08-11T05:42:42.809034+00:00,2026-08-10 00:00:00,924d0f89ad3282e148bbd1a401371c1888109967e1c4e0da8cc651853a0191f1,v1,0.3358184339806028,0.32582058464411406,0.4,0.2184873949579832,0.358974358974359,False,924,232,COMPLETE
TECHM.NS,5011305981a8,2026-08-12T05:59:39.068500+00:00,2026-08-10 00:00:00,f1d2fcd93a6db251bbb51570505b6402009a09ea5410fda998ee112ffb4abf61,v1,0.3365967668224758,0.36297869839700886,0.4413793103448276,0.2764227642276423,0.3711340206185567,False,924,231,COMPLETE
TECHM.NS,44f46805464f,2026-08-12T10:21:07.743549+00:00,2026-08-10 00:00:00,99f226d651af948cd0227fc7967efb008d34ffdd7d1de917f238af824d6e1bb3,v1,0.3448844451099291,0.34309017529846847,0.45751633986928103,0.22950819672131148,0.3422459893048128,False,923,231,COMPLETE
TITAN.NS,f22de148c0b9,2026-08-11T05:47:32.239576+00:00,2026-08-10 00:00:00,bae903d2c6bbb6461d667ca5fd56b9aeef03b858bd8c4553d11b6487114f11bb,v1,0.33319756208931955,0.2983786849220736,0.450261780104712,0.30303030303030304,0.14184397163120568,False,924,232,COMPLETE
TITAN.NS,67c0dc7422a2,2026-08-12T06:02:41.878648+00:00,2026-08-10 00:00:00,7adcd403f65642699130a3a4c1df73f956a2ea3a62b343acf18e6f4f3b9d6bb9,v1,0.3197420607146396,0.30232346608637584,0.4307692307692308,0.3235294117647059,0.15267175572519084,False,924,231,COMPLETE
TITAN.NS,c62d01aa5314,2026-08-12T10:27:05.098194+00:00,2026-08-10 00:00:00,a55b83344494e575d11af5280efb6e8bd9277dbb8a4d144134360fd19d9b6c6c,v1,0.30685523514449903,0.27679300506572807,0.43478260869565216,0.2595419847328244,0.1360544217687075,False,923,231,COMPLETE
TRENT.NS,8dd0db56b45b,2026-08-11T05:48:59.255419+00:00,2026-08-10 00:00:00,52d054d66ecd248a50911a10efb4c10f26107c592f5ac517ce74ed52d6e35e53,v1,0.2513118048805093,0.32548593438338264,0.30857142857142855,0.3096774193548387,0.3582089552238806,False,924,232,COMPLETE
TRENT.NS,67fe9e438970,2026-08-12T06:03:54.294136+00:00,2026-08-10 00:00:00,6f6abf3f12828bf0015a23c7390977a6b87a566f33823fc3497fed7207c05ed6,v1,0.2507100108625529,0.3800695179300478,0.38961038961038963,0.4198895027624309,0.33070866141732286,False,924,231,COMPLETE
TRENT.NS,9106deb806b5,2026-08-12T10:28:29.121079+00:00,2026-08-10 00:00:00,a45ccb57f0fe970272f81267c7c89ac21878f371afc239244bf5d48cf5a52d5a,v1,0.24581572159705942,0.38819882441133613,0.345679012345679,0.4457831325301205,0.373134328358209,False,923,231,COMPLETE
ULTRACEMCO.NS,2b6d15d443e9,2026-08-11T05:52:49.759995+00:00,2026-08-10 00:00:00,f8f3e2d64ed30a76e17f48c4e3a596dd052afe65aec05ac6140842c81bcc4f06,v1,0.37245419290698234,0.3984128905817504,0.5073170731707317,0.35802469135802467,0.32989690721649484,False,924,232,COMPLETE
ULTRACEMCO.NS,8755f4b0285f,2026-08-12T06:07:02.872890+00:00,2026-08-10 00:00:00,909c1c071fde9c69d31c99720007fa1f379b7215d6a5d3de4b56db5bea27011c,v1,0.38428402325509886,0.4059214207205238,0.5104166666666666,0.4393063583815029,0.26804123711340205,False,924,231,COMPLETE
ULTRACEMCO.NS,2c6e05607985,2026-08-12T10:32:29.819589+00:00,2026-08-10 00:00:00,e2a917de3126e13de14131aecf6c99463b28987aa991f57fefbef7885e12c8eb,v1,0.3685897750958065,0.38571944936535346,0.46464646464646464,0.38323353293413176,0.30927835051546393,False,923,231,COMPLETE
WIPRO.NS,9ff5cf2a14aa,2026-08-11T05:55:39.677599+00:00,2026-08-10 00:00:00,79c761ac114c0bc083506cf859ea6905b987c538cc668ec041657e3ddd3513ac,v1,0.3472146350114919,0.29551320230295813,0.0821917808219178,0.6086956521739131,0.1956521739130435,False,924,232,COMPLETE
WIPRO.NS,1999ed4012b1,2026-08-12T06:12:17.754525+00:00,2026-08-10 00:00:00,80a319bf13082caf6b0c2aab93e5a5b1d294102ad4ce4dc24ffaf5129b38c735,v1,0.3513692942429236,0.3307250194099894,0.1518987341772152,0.604982206405694,0.23529411764705882,False,924,231,COMPLETE
WIPRO.NS,6873fcb78722,2026-08-12T10:37:26.850598+00:00,2026-08-10 00:00:00,8f581dd01e509bfd022e78b51835c7350c6b6f95e9163f277326d02128a45286,v1,0.36967382648437297,0.273671238649335,0.12048192771084337,0.6075085324232082,0.09302325581395349,False,923,231,COMPLETE
