ticker,OHLCV_latest,OHLCV_status,PCR_dependency,PCR_latest,PCR_status,news_latest,news_age,news_7d_status,sector_status,fii_dii_status,active_model_version,feature_pipeline_version,feature_contract_status,overall_readiness
ADANIENT.NS,2026-08-14,OHLCV_CURRENT,OPTIONAL,2026-08-14,DEGRADED,NONE,999,MISSING,SECTOR_CURRENT,FII_DII_CURRENT,3c7a4a5ae14c,v1,READY_FOR_FEATURE_CONSTRUCTION,READY_WITH_DEGRADED_OPTIONAL_DATA
ADANIPORTS.NS,2026-08-14,OHLCV_CURRENT,OPTIONAL,2026-08-14,DEGRADED,NONE,999,MISSING,SECTOR_CURRENT,FII_DII_CURRENT,b93ab9691be4,v1,READY_FOR_FEATURE_CONSTRUCTION,READY_WITH_DEGRADED_OPTIONAL_DATA
APOLLOHOSP.NS,2026-08-14,OHLCV_CURRENT,OPTIONAL,2026-08-14,DEGRADED,NONE,999,MISSING,SECTOR_CURRENT,FII_DII_CURRENT,a0bd0b468e8b,v1,READY_FOR_FEATURE_CONSTRUCTION,READY_WITH_DEGRADED_OPTIONAL_DATA
ASIANPAINT.NS,2026-08-14,OHLCV_CURRENT,OPTIONAL,2026-08-14,DEGRADED,NONE,999,MISSING,SECTOR_CURRENT,FII_DII_CURRENT,e6259388a183,v1,READY_FOR_FEATURE_CONSTRUCTION,READY_WITH_DEGRADED_OPTIONAL_DATA
AXISBANK.NS,2026-08-14,OHLCV_CURRENT,OPTIONAL,2026-08-14,DEGRADED,NONE,999,MISSING,SECTOR_CURRENT,FII_DII_CURRENT,c5887408a2bd,v1,READY_FOR_FEATURE_CONSTRUCTION,READY_WITH_DEGRADED_OPTIONAL_DATA
BAJAJ-AUTO.NS,2026-08-14,OHLCV_CURRENT,OPTIONAL,2026-08-14,DEGRADED,NONE,999,MISSING,SECTOR_CURRENT,FII_DII_CURRENT,4ead6a75dc12,v1,READY_FOR_FEATURE_CONSTRUCTION,READY_WITH_DEGRADED_OPTIONAL_DATA
BAJFINANCE.NS,2026-08-14,OHLCV_CURRENT,OPTIONAL,2026-08-14,DEGRADED,NONE,999,MISSING,SECTOR_CURRENT,FII_DII_CURRENT,433d0ad7ddca,v1,READY_FOR_FEATURE_CONSTRUCTION,READY_WITH_DEGRADED_OPTIONAL_DATA
BAJAJFINSV.NS,2026-08-14,OHLCV_CURRENT,OPTIONAL,2026-08-14,DEGRADED,NONE,999,MISSING,SECTOR_CURRENT,FII_DII_CURRENT,d7782e81c688,v1,READY_FOR_FEATURE_CONSTRUCTION,READY_WITH_DEGRADED_OPTIONAL_DATA
BEL.NS,2026-08-14,OHLCV_CURRENT,OPTIONAL,2026-08-14,DEGRADED,NONE,999,MISSING,SECTOR_CURRENT,FII_DII_CURRENT,5c1ff0aa0aad,v1,READY_FOR_FEATURE_CONSTRUCTION,READY_WITH_DEGRADED_OPTIONAL_DATA
BHARTIARTL.NS,2026-08-14,OHLCV_CURRENT,OPTIONAL,2026-08-14,DEGRADED,NONE,999,MISSING,SECTOR_CURRENT,FII_DII_CURRENT,1db6ff197a40,v1,READY_FOR_FEATURE_CONSTRUCTION,READY_WITH_DEGRADED_OPTIONAL_DATA
BRITANNIA.NS,2026-08-14,OHLCV_CURRENT,OPTIONAL,2026-08-14,DEGRADED,NONE,999,MISSING,SECTOR_CURRENT,FII_DII_CURRENT,b4951f71a6bf,v1,READY_FOR_FEATURE_CONSTRUCTION,READY_WITH_DEGRADED_OPTIONAL_DATA
CIPLA.NS,2026-08-14,OHLCV_CURRENT,OPTIONAL,2026-08-14,DEGRADED,NONE,999,MISSING,SECTOR_CURRENT,FII_DII_CURRENT,91f547418e28,v1,READY_FOR_FEATURE_CONSTRUCTION,READY_WITH_DEGRADED_OPTIONAL_DATA
COALINDIA.NS,2026-08-14,OHLCV_CURRENT,OPTIONAL,2026-08-14,DEGRADED,NONE,999,MISSING,SECTOR_CURRENT,FII_DII_CURRENT,34ba065a209a,v1,READY_FOR_FEATURE_CONSTRUCTION,READY_WITH_DEGRADED_OPTIONAL_DATA
DRREDDY.NS,2026-08-14,OHLCV_CURRENT,OPTIONAL,2026-08-14,DEGRADED,NONE,999,MISSING,SECTOR_CURRENT,FII_DII_CURRENT,776e48979a61,v1,READY_FOR_FEATURE_CONSTRUCTION,READY_WITH_DEGRADED_OPTIONAL_DATA
EICHERMOT.NS,2026-08-14,OHLCV_CURRENT,OPTIONAL,2026-08-14,DEGRADED,NONE,999,MISSING,SECTOR_CURRENT,FII_DII_CURRENT,f4fcbc8ea09b,v1,READY_FOR_FEATURE_CONSTRUCTION,READY_WITH_DEGRADED_OPTIONAL_DATA
ETERNAL.NS,2026-08-14,OHLCV_CURRENT,OPTIONAL,2026-08-14,DEGRADED,NONE,999,MISSING,SECTOR_CURRENT,FII_DII_CURRENT,213c7cdf6b07,v1,READY_FOR_FEATURE_CONSTRUCTION,READY_WITH_DEGRADED_OPTIONAL_DATA
GRASIM.NS,2026-08-14,OHLCV_CURRENT,OPTIONAL,2026-08-14,DEGRADED,NONE,999,MISSING,SECTOR_CURRENT,FII_DII_CURRENT,2c1de894a637,v1,READY_FOR_FEATURE_CONSTRUCTION,READY_WITH_DEGRADED_OPTIONAL_DATA
HCLTECH.NS,2026-08-14,OHLCV_CURRENT,OPTIONAL,2026-08-14,DEGRADED,NONE,999,MISSING,SECTOR_CURRENT,FII_DII_CURRENT,0897f8e186c5,v1,READY_FOR_FEATURE_CONSTRUCTION,READY_WITH_DEGRADED_OPTIONAL_DATA
HDFCBANK.NS,2026-08-14,OHLCV_CURRENT,OPTIONAL,2026-08-14,DEGRADED,NONE,999,MISSING,SECTOR_CURRENT,FII_DII_CURRENT,4a79ab752e51,v1,READY_FOR_FEATURE_CONSTRUCTION,READY_WITH_DEGRADED_OPTIONAL_DATA
HDFCLIFE.NS,2026-08-14,OHLCV_CURRENT,OPTIONAL,2026-08-14,DEGRADED,NONE,999,MISSING,SECTOR_CURRENT,FII_DII_CURRENT,41399ec09316,v1,READY_FOR_FEATURE_CONSTRUCTION,READY_WITH_DEGRADED_OPTIONAL_DATA
HEROMOTOCO.NS,2026-08-14,OHLCV_CURRENT,OPTIONAL,2026-08-14,DEGRADED,NONE,999,MISSING,SECTOR_CURRENT,FII_DII_CURRENT,8bc8602ae09a,v1,READY_FOR_FEATURE_CONSTRUCTION,READY_WITH_DEGRADED_OPTIONAL_DATA
HINDALCO.NS,2026-08-14,OHLCV_CURRENT,OPTIONAL,2026-08-14,DEGRADED,NONE,999,MISSING,SECTOR_CURRENT,FII_DII_CURRENT,dbc2925e4fde,v1,READY_FOR_FEATURE_CONSTRUCTION,READY_WITH_DEGRADED_OPTIONAL_DATA
HINDUNILVR.NS,2026-08-14,OHLCV_CURRENT,OPTIONAL,2026-08-14,DEGRADED,NONE,999,MISSING,SECTOR_CURRENT,FII_DII_CURRENT,cd95e34ed076,v1,READY_FOR_FEATURE_CONSTRUCTION,READY_WITH_DEGRADED_OPTIONAL_DATA
ICICIBANK.NS,2026-08-14,OHLCV_CURRENT,OPTIONAL,2026-08-14,DEGRADED,NONE,999,MISSING,SECTOR_CURRENT,FII_DII_CURRENT,d63609af1d97,v1,READY_FOR_FEATURE_CONSTRUCTION,READY_WITH_DEGRADED_OPTIONAL_DATA
INDIGO.NS,2026-08-14,OHLCV_CURRENT,OPTIONAL,2026-08-14,DEGRADED,NONE,999,MISSING,SECTOR_CURRENT,FII_DII_CURRENT,25dbcd62a57b,v1,READY_FOR_FEATURE_CONSTRUCTION,READY_WITH_DEGRADED_OPTIONAL_DATA
INFY.NS,2026-08-14,OHLCV_CURRENT,OPTIONAL,2026-08-14,DEGRADED,NONE,999,MISSING,SECTOR_CURRENT,FII_DII_CURRENT,ce793e4e8839,v1,READY_FOR_FEATURE_CONSTRUCTION,READY_WITH_DEGRADED_OPTIONAL_DATA
ITC.NS,2026-08-14,OHLCV_CURRENT,OPTIONAL,2026-08-14,DEGRADED,NONE,999,MISSING,SECTOR_CURRENT,FII_DII_CURRENT,dd4365c40715,v1,READY_FOR_FEATURE_CONSTRUCTION,READY_WITH_DEGRADED_OPTIONAL_DATA
JIOFIN.NS,2026-08-14,OHLCV_CURRENT,OPTIONAL,2026-08-14,DEGRADED,NONE,999,MISSING,SECTOR_CURRENT,FII_DII_CURRENT,0d2db96d5965,v1,READY_FOR_FEATURE_CONSTRUCTION,READY_WITH_DEGRADED_OPTIONAL_DATA
JSWSTEEL.NS,2026-08-14,OHLCV_CURRENT,OPTIONAL,2026-08-14,DEGRADED,NONE,999,MISSING,SECTOR_CURRENT,FII_DII_CURRENT,f6cbf70e626f,v1,READY_FOR_FEATURE_CONSTRUCTION,READY_WITH_DEGRADED_OPTIONAL_DATA
KOTAKBANK.NS,2026-08-14,OHLCV_CURRENT,OPTIONAL,2026-08-14,DEGRADED,NONE,999,MISSING,SECTOR_CURRENT,FII_DII_CURRENT,572bb63ba388,v1,READY_FOR_FEATURE_CONSTRUCTION,READY_WITH_DEGRADED_OPTIONAL_DATA
LT.NS,2026-08-14,OHLCV_CURRENT,OPTIONAL,2026-08-14,DEGRADED,NONE,999,MISSING,SECTOR_CURRENT,FII_DII_CURRENT,8c272c989297,v1,READY_FOR_FEATURE_CONSTRUCTION,READY_WITH_DEGRADED_OPTIONAL_DATA
M&M.NS,2026-08-14,OHLCV_CURRENT,OPTIONAL,2026-08-14,DEGRADED,NONE,999,MISSING,SECTOR_CURRENT,FII_DII_CURRENT,a82ca768507c,v1,READY_FOR_FEATURE_CONSTRUCTION,READY_WITH_DEGRADED_OPTIONAL_DATA
MARUTI.NS,2026-08-14,OHLCV_CURRENT,OPTIONAL,2026-08-14,DEGRADED,NONE,999,MISSING,SECTOR_CURRENT,FII_DII_CURRENT,7ef4e7eabc45,v1,READY_FOR_FEATURE_CONSTRUCTION,READY_WITH_DEGRADED_OPTIONAL_DATA
MAXHEALTH.NS,2026-08-14,OHLCV_CURRENT,OPTIONAL,2026-08-14,DEGRADED,NONE,999,MISSING,SECTOR_CURRENT,FII_DII_CURRENT,89ccde0bb6bb,v1,READY_FOR_FEATURE_CONSTRUCTION,READY_WITH_DEGRADED_OPTIONAL_DATA
NESTLEIND.NS,2026-08-14,OHLCV_CURRENT,OPTIONAL,2026-08-14,DEGRADED,NONE,999,MISSING,SECTOR_CURRENT,FII_DII_CURRENT,f04bde3608d3,v1,READY_FOR_FEATURE_CONSTRUCTION,READY_WITH_DEGRADED_OPTIONAL_DATA
NTPC.NS,2026-08-14,OHLCV_CURRENT,OPTIONAL,2026-08-14,DEGRADED,NONE,999,MISSING,SECTOR_CURRENT,FII_DII_CURRENT,a97c5bf097c4,v1,READY_FOR_FEATURE_CONSTRUCTION,READY_WITH_DEGRADED_OPTIONAL_DATA
ONGC.NS,2026-08-14,OHLCV_CURRENT,OPTIONAL,2026-08-14,DEGRADED,NONE,999,MISSING,SECTOR_CURRENT,FII_DII_CURRENT,f9edf9feaee0,v1,READY_FOR_FEATURE_CONSTRUCTION,READY_WITH_DEGRADED_OPTIONAL_DATA
POWERGRID.NS,2026-08-14,OHLCV_CURRENT,OPTIONAL,2026-08-14,DEGRADED,NONE,999,MISSING,SECTOR_CURRENT,FII_DII_CURRENT,baeacbd6a8ee,v1,READY_FOR_FEATURE_CONSTRUCTION,READY_WITH_DEGRADED_OPTIONAL_DATA
RELIANCE.NS,2026-08-14,OHLCV_CURRENT,OPTIONAL,2026-08-14,DEGRADED,NONE,999,MISSING,SECTOR_CURRENT,FII_DII_CURRENT,9396a75b6365,v1,READY_FOR_FEATURE_CONSTRUCTION,READY_WITH_DEGRADED_OPTIONAL_DATA
SBILIFE.NS,2026-08-14,OHLCV_CURRENT,OPTIONAL,2026-08-14,DEGRADED,NONE,999,MISSING,SECTOR_CURRENT,FII_DII_CURRENT,710b376617f0,v1,READY_FOR_FEATURE_CONSTRUCTION,READY_WITH_DEGRADED_OPTIONAL_DATA
SBIN.NS,2026-08-14,OHLCV_CURRENT,OPTIONAL,2026-08-14,DEGRADED,NONE,999,MISSING,SECTOR_CURRENT,FII_DII_CURRENT,41efcda90bcf,v1,READY_FOR_FEATURE_CONSTRUCTION,READY_WITH_DEGRADED_OPTIONAL_DATA
SHRIRAMFIN.NS,2026-08-14,OHLCV_CURRENT,OPTIONAL,2026-08-14,DEGRADED,NONE,999,MISSING,SECTOR_CURRENT,FII_DII_CURRENT,0e7da5a7998c,v1,READY_FOR_FEATURE_CONSTRUCTION,READY_WITH_DEGRADED_OPTIONAL_DATA
SUNPHARMA.NS,2026-08-14,OHLCV_CURRENT,OPTIONAL,2026-08-14,DEGRADED,NONE,999,MISSING,SECTOR_CURRENT,FII_DII_CURRENT,845257eace4d,v1,READY_FOR_FEATURE_CONSTRUCTION,READY_WITH_DEGRADED_OPTIONAL_DATA
TATACONSUM.NS,2026-08-14,OHLCV_CURRENT,OPTIONAL,2026-08-14,DEGRADED,NONE,999,MISSING,SECTOR_CURRENT,FII_DII_CURRENT,241b68c2c661,v1,READY_FOR_FEATURE_CONSTRUCTION,READY_WITH_DEGRADED_OPTIONAL_DATA
TATASTEEL.NS,2026-08-14,OHLCV_CURRENT,OPTIONAL,2026-08-14,DEGRADED,NONE,999,MISSING,SECTOR_CURRENT,FII_DII_CURRENT,b6ad42ab4e15,v1,READY_FOR_FEATURE_CONSTRUCTION,READY_WITH_DEGRADED_OPTIONAL_DATA
TCS.NS,2026-08-14,OHLCV_CURRENT,OPTIONAL,2026-08-14,DEGRADED,NONE,999,MISSING,SECTOR_CURRENT,FII_DII_CURRENT,68df90ea3a2f,v1,READY_FOR_FEATURE_CONSTRUCTION,READY_WITH_DEGRADED_OPTIONAL_DATA
TECHM.NS,2026-08-14,OHLCV_CURRENT,OPTIONAL,2026-08-14,DEGRADED,NONE,999,MISSING,SECTOR_CURRENT,FII_DII_CURRENT,44f46805464f,v1,READY_FOR_FEATURE_CONSTRUCTION,READY_WITH_DEGRADED_OPTIONAL_DATA
TITAN.NS,2026-08-14,OHLCV_CURRENT,OPTIONAL,2026-08-14,DEGRADED,NONE,999,MISSING,SECTOR_CURRENT,FII_DII_CURRENT,f22de148c0b9,v1,READY_FOR_FEATURE_CONSTRUCTION,READY_WITH_DEGRADED_OPTIONAL_DATA
TRENT.NS,2026-08-14,OHLCV_CURRENT,OPTIONAL,2026-08-14,DEGRADED,NONE,999,MISSING,SECTOR_CURRENT,FII_DII_CURRENT,8dd0db56b45b,v1,READY_FOR_FEATURE_CONSTRUCTION,READY_WITH_DEGRADED_OPTIONAL_DATA
ULTRACEMCO.NS,2026-08-14,OHLCV_CURRENT,OPTIONAL,2026-08-14,DEGRADED,NONE,999,MISSING,SECTOR_CURRENT,FII_DII_CURRENT,8755f4b0285f,v1,READY_FOR_FEATURE_CONSTRUCTION,READY_WITH_DEGRADED_OPTIONAL_DATA
WIPRO.NS,2026-08-14,OHLCV_CURRENT,OPTIONAL,2026-08-14,DEGRADED,NONE,999,MISSING,SECTOR_CURRENT,FII_DII_CURRENT,6873fcb78722,v1,READY_FOR_FEATURE_CONSTRUCTION,READY_WITH_DEGRADED_OPTIONAL_DATA
