ticker,cutoff_date,is_t1,horizon,historical_observation_count,historical_mean_delta_f1,historical_median_delta_f1,historical_consistency,historical_collapse_rate,historical_prediction_shift,delta_cv_score,control_f1,pcr_f1,actual_delta_f1,class_collapse,target_cutoff_validation_passed,target_leakage_violations,Gate_A_enabled,Gate_A_f1,Gate_A_delta_vs_control,Gate_B_enabled,Gate_B_f1,Gate_B_delta_vs_control,Gate_C_enabled,Gate_C_f1,Gate_C_delta_vs_control,Gate_D_enabled,Gate_D_f1,Gate_D_delta_vs_control
ADANIENT.NS,2025-08-08,True,10,0,0.0,0.0,0.0,0.0,0.0,0.0052850185975945,0.3897881397881397,0.3776414162787417,-0.0121467235093979,True,True,0,False,0.3897881397881397,0.0,False,0.3897881397881397,0.0,True,0.3776414162787417,-0.012146723509397994,True,0.3776414162787417,-0.012146723509397994
ADANIENT.NS,2025-11-10,False,10,1,-0.0121467235093979,-0.0121467235093979,0.0,1.0,56.0,0.0056049107072186,0.3561906693102619,0.3235470447171674,-0.0326436245930945,True,True,0,False,0.3561906693102619,0.0,False,0.3561906693102619,0.0,True,0.3235470447171674,-0.0326436245930945,False,0.3561906693102619,0.0
ADANIENT.NS,2026-02-10,False,10,2,-0.0223951740512462,-0.0223951740512462,0.0,1.0,46.0,0.0189350351208174,0.3789820788530466,0.4031791952599954,0.0241971164069488,False,True,0,False,0.3789820788530466,0.0,False,0.3789820788530466,0.0,True,0.4031791952599954,0.024197116406948826,False,0.3789820788530466,0.0
ADANIENT.NS,2026-05-08,False,10,3,-0.006864410565181199,-0.0121467235093979,0.3333333333333333,0.6666666666666666,50.666666666666664,0.0097600216962761,0.3784002536855825,0.3459724704042886,-0.0324277832812939,True,True,0,False,0.3784002536855825,0.0,False,0.3784002536855825,0.0,True,0.3459724704042886,-0.03242778328129392,False,0.3784002536855825,0.0
ADANIENT.NS,2026-08-10,False,10,4,-0.013255253744209375,-0.022287253395345902,0.25,0.75,51.5,-0.0083768011839757,0.4352033000941223,0.4145660300622809,-0.0206372700318413,False,True,0,False,0.4352033000941223,0.0,False,0.4352033000941223,0.0,False,0.4352033000941223,0.0,False,0.4352033000941223,0.0
ADANIPORTS.NS,2025-08-08,True,10,0,0.0,0.0,0.0,0.0,0.0,-0.0130260797101772,0.2814545089080359,0.2364604316546762,-0.0449940772533597,True,True,0,False,0.2814545089080359,0.0,False,0.2814545089080359,0.0,False,0.2814545089080359,0.0,False,0.2814545089080359,0.0
ADANIPORTS.NS,2025-11-10,False,10,1,-0.0449940772533597,-0.0449940772533597,0.0,1.0,6.0,-0.0025520016408476,0.3769214198662052,0.3287121989459519,-0.0482092209202532,True,True,0,False,0.3769214198662052,0.0,False,0.3769214198662052,0.0,False,0.3769214198662052,0.0,False,0.3769214198662052,0.0
ADANIPORTS.NS,2026-02-10,False,10,2,-0.046601649086806446,-0.046601649086806446,0.0,1.0,28.0,-0.0011096057627758,0.4018710421000082,0.381492260964954,-0.0203787811350541,False,True,0,False,0.4018710421000082,0.0,False,0.4018710421000082,0.0,False,0.4018710421000082,0.0,False,0.4018710421000082,0.0
ADANIPORTS.NS,2026-05-08,False,10,3,-0.037860693102889,-0.0449940772533597,0.0,0.6666666666666666,35.333333333333336,-0.0089646746461614,0.3823423385215658,0.3666847685297975,-0.0156575699917683,True,True,0,False,0.3823423385215658,0.0,False,0.3823423385215658,0.0,False,0.3823423385215658,0.0,False,0.3823423385215658,0.0
ADANIPORTS.NS,2026-08-10,False,10,4,-0.03230991232510882,-0.032686429194206904,0.0,0.75,37.0,0.0053548060525433,0.3835545512247689,0.4098378378378378,0.0262832866130689,False,True,0,False,0.3835545512247689,0.0,False,0.3835545512247689,0.0,True,0.4098378378378378,0.02628328661306889,False,0.3835545512247689,0.0
APOLLOHOSP.NS,2025-08-08,True,10,0,0.0,0.0,0.0,0.0,0.0,0.0023862149528287,0.3082772584626868,0.277280609617959,-0.0309966488447277,False,True,0,False,0.3082772584626868,0.0,False,0.3082772584626868,0.0,True,0.277280609617959,-0.030996648844727803,False,0.3082772584626868,0.0
APOLLOHOSP.NS,2025-11-10,False,10,1,-0.0309966488447277,-0.0309966488447277,0.0,0.0,4.0,0.018434609619683,0.2749068934017286,0.2862453447819301,0.0113384513802015,False,True,0,False,0.2749068934017286,0.0,False,0.2749068934017286,0.0,True,0.2862453447819301,0.011338451380201509,False,0.2749068934017286,0.0
APOLLOHOSP.NS,2026-02-10,False,10,2,-0.009829098732263099,-0.009829098732263099,0.5,0.0,11.0,0.0080019918788666,0.2635778399219259,0.2881216931216931,0.0245438531997671,False,True,0,False,0.2635778399219259,0.0,False,0.2635778399219259,0.0,True,0.2881216931216931,0.024543853199767207,False,0.2635778399219259,0.0
APOLLOHOSP.NS,2026-05-08,False,10,3,0.0016285519117469674,0.0113384513802015,0.6666666666666666,0.0,21.333333333333332,0.0083372655637381,0.2933652885319311,0.3150761669402283,0.0217108784082971,False,True,0,True,0.3150761669402283,0.021710878408297163,True,0.3150761669402283,0.021710878408297163,True,0.3150761669402283,0.021710878408297163,True,0.3150761669402283,0.021710878408297163
APOLLOHOSP.NS,2026-08-10,False,10,4,0.006649133535884501,0.0165246648942493,0.75,0.0,31.5,0.0070754954370199,0.3470169677066228,0.2868055048975708,-0.0602114628090519,True,True,0,True,0.2868055048975708,-0.06021146280905204,True,0.2868055048975708,-0.06021146280905204,True,0.2868055048975708,-0.06021146280905204,True,0.2868055048975708,-0.06021146280905204
ASIANPAINT.NS,2025-08-08,True,10,0,0.0,0.0,0.0,0.0,0.0,0.0260123353457719,0.3004075846181109,0.3577400413149205,0.0573324566968095,False,True,0,False,0.3004075846181109,0.0,False,0.3004075846181109,0.0,True,0.3577400413149205,0.057332456696809586,True,0.3577400413149205,0.057332456696809586
ASIANPAINT.NS,2025-11-10,False,10,1,0.0573324566968095,0.0573324566968095,1.0,0.0,12.0,0.0166509621710464,0.3528920691711389,0.3798432250839865,0.0269511559128475,False,True,0,True,0.3798432250839865,0.02695115591284758,True,0.3798432250839865,0.02695115591284758,True,0.3798432250839865,0.02695115591284758,True,0.3798432250839865,0.02695115591284758
ASIANPAINT.NS,2026-02-10,False,10,2,0.0421418063048285,0.0421418063048285,1.0,0.0,22.0,-0.0148787841412124,0.4363525826879615,0.3875810508721589,-0.0487715318158026,False,True,0,True,0.3875810508721589,-0.04877153181580263,True,0.3875810508721589,-0.04877153181580263,False,0.4363525826879615,0.0,True,0.3875810508721589,-0.04877153181580263
ASIANPAINT.NS,2026-05-08,False,10,3,0.011837360264618133,0.0269511559128475,0.6666666666666666,0.0,26.0,-0.0025899078851248,0.3813875886225646,0.4016314010593187,0.0202438124367541,False,True,0,True,0.4016314010593187,0.020243812436754105,True,0.4016314010593187,0.020243812436754105,False,0.3813875886225646,0.0,True,0.4016314010593187,0.020243812436754105
ASIANPAINT.NS,2026-08-10,False,10,4,0.013938973307652126,0.0235974841748008,0.75,0.0,34.0,-0.0141586043646897,0.4131852520706478,0.4123831361680712,-0.0008021159025765,False,True,0,True,0.4123831361680712,-0.0008021159025766167,True,0.4123831361680712,-0.0008021159025766167,False,0.4131852520706478,0.0,True,0.4123831361680712,-0.0008021159025766167
AXISBANK.NS,2025-08-08,True,10,0,0.0,0.0,0.0,0.0,0.0,0.0003590655616997,0.3328476171613426,0.3720464632358353,0.0391988460744927,False,True,0,False,0.3328476171613426,0.0,False,0.3328476171613426,0.0,True,0.3720464632358353,0.0391988460744927,False,0.3328476171613426,0.0
AXISBANK.NS,2025-11-10,False,10,1,0.0391988460744927,0.0391988460744927,1.0,0.0,14.0,-0.0070056149015516,0.373899288712775,0.4243121464864346,0.0504128577736595,False,True,0,True,0.4243121464864346,0.050412857773659614,True,0.4243121464864346,0.050412857773659614,False,0.373899288712775,0.0,True,0.4243121464864346,0.050412857773659614
AXISBANK.NS,2026-02-10,False,10,2,0.0448058519240761,0.0448058519240761,1.0,0.0,9.0,0.003115655342583,0.4967652785629043,0.4659351829163149,-0.0308300956465893,True,True,0,True,0.4659351829163149,-0.030830095646589395,True,0.4659351829163149,-0.030830095646589395,True,0.4659351829163149,-0.030830095646589395,True,0.4659351829163149,-0.030830095646589395
AXISBANK.NS,2026-05-08,False,10,3,0.019593869400520967,0.0391988460744927,0.6666666666666666,0.3333333333333333,30.666666666666668,0.0128793205401659,0.4227676350011846,0.4290030632135895,0.0062354282124049,False,True,0,True,0.4290030632135895,0.006235428212404914,False,0.4227676350011846,0.0,True,0.4290030632135895,0.006235428212404914,True,0.4290030632135895,0.006235428212404914
AXISBANK.NS,2026-08-10,False,10,4,0.01625425910349195,0.0227171371434488,0.75,0.25,25.5,0.00124613928474,0.3898683021917938,0.3431484073226256,-0.0467198948691682,True,True,0,True,0.3431484073226256,-0.04671989486916822,False,0.3898683021917938,0.0,True,0.3431484073226256,-0.04671989486916822,True,0.3431484073226256,-0.04671989486916822
BAJAJ-AUTO.NS,2025-08-08,True,10,0,0.0,0.0,0.0,0.0,0.0,0.001231699900123,0.2588498971477694,0.2451452787672422,-0.0137046183805271,False,True,0,False,0.2588498971477694,0.0,False,0.2588498971477694,0.0,True,0.2451452787672422,-0.013704618380527195,False,0.2588498971477694,0.0
BAJAJ-AUTO.NS,2025-11-10,False,10,1,-0.0137046183805271,-0.0137046183805271,0.0,0.0,8.0,0.0093609400592488,0.3154738104758097,0.3316730053572159,0.0161991948814061,True,True,0,False,0.3154738104758097,0.0,False,0.3154738104758097,0.0,True,0.3316730053572159,0.016199194881406198,False,0.3154738104758097,0.0
BAJAJ-AUTO.NS,2026-02-10,False,10,2,0.0012472882504395008,0.0012472882504395008,0.5,0.5,12.0,0.0099344112348701,0.352336860670194,0.3400047227583013,-0.0123321379118926,False,True,0,True,0.3400047227583013,-0.012332137911892693,False,0.352336860670194,0.0,True,0.3400047227583013,-0.012332137911892693,True,0.3400047227583013,-0.012332137911892693
BAJAJ-AUTO.NS,2026-05-08,False,10,3,-0.0032791871370045325,-0.0123321379118926,0.3333333333333333,0.3333333333333333,14.0,0.0062226230984999,0.2662292336828619,0.2167526387790705,-0.0494765949037914,True,True,0,False,0.2662292336828619,0.0,False,0.2662292336828619,0.0,True,0.2167526387790705,-0.04947659490379139,False,0.2662292336828619,0.0
BAJAJ-AUTO.NS,2026-08-10,False,10,4,-0.01482853907870125,-0.01301837814620985,0.25,0.5,18.5,-0.0063426919476375,0.3089951236502961,0.2571891323235065,-0.0518059913267895,False,True,0,False,0.3089951236502961,0.0,False,0.3089951236502961,0.0,False,0.3089951236502961,0.0,False,0.3089951236502961,0.0
BAJAJFINSV.NS,2025-08-08,True,5,0,0.0,0.0,0.0,0.0,0.0,0.0213225083989423,0.2947072072072072,0.2906947176033534,-0.0040124896038538,True,True,0,False,0.2947072072072072,0.0,False,0.2947072072072072,0.0,True,0.2906947176033534,-0.004012489603853808,True,0.2906947176033534,-0.004012489603853808
BAJAJFINSV.NS,2025-11-10,False,5,1,-0.0040124896038538,-0.0040124896038538,0.0,1.0,26.0,-0.0155244218277685,0.3497382036744431,0.3416835016835016,-0.0080547019909414,False,True,0,False,0.3497382036744431,0.0,False,0.3497382036744431,0.0,False,0.3497382036744431,0.0,False,0.3497382036744431,0.0
BAJAJFINSV.NS,2026-02-10,False,5,2,-0.0060335957973975994,-0.0060335957973975994,0.0,0.5,25.0,-0.0064824086614074,0.314650915798692,0.3600987456409143,0.0454478298422223,False,True,0,False,0.314650915798692,0.0,False,0.314650915798692,0.0,False,0.314650915798692,0.0,False,0.314650915798692,0.0
BAJAJFINSV.NS,2026-05-08,False,5,3,0.011126879415809034,-0.0040124896038538,0.3333333333333333,0.3333333333333333,26.0,-0.0168850768400214,0.3555972440618469,0.3632067880915807,0.0076095440297337,False,True,0,True,0.3632067880915807,0.007609544029733795,False,0.3555972440618469,0.0,False,0.3555972440618469,0.0,True,0.3632067880915807,0.007609544029733795
BAJAJFINSV.NS,2026-08-10,False,5,4,0.0102475455692902,0.0017985272129399502,0.5,0.25,24.5,0.0074623503989783,0.3269859225741579,0.3186631477770718,-0.008322774797086,False,True,0,True,0.3186631477770718,-0.008322774797086097,False,0.3269859225741579,0.0,True,0.3186631477770718,-0.008322774797086097,True,0.3186631477770718,-0.008322774797086097
BAJFINANCE.NS,2025-08-08,True,10,0,0.0,0.0,0.0,0.0,0.0,-0.0288272257345432,0.2657004830917874,0.276068376068376,0.0103678929765885,True,True,0,False,0.2657004830917874,0.0,False,0.2657004830917874,0.0,False,0.2657004830917874,0.0,False,0.2657004830917874,0.0
BAJFINANCE.NS,2025-11-10,False,10,1,0.0103678929765885,0.0103678929765885,1.0,1.0,26.0,-0.0123127942292055,0.2613300391610112,0.1924517430135407,-0.0688782961474704,True,True,0,True,0.1924517430135407,-0.06887829614747051,False,0.2613300391610112,0.0,False,0.2613300391610112,0.0,True,0.1924517430135407,-0.06887829614747051
BAJFINANCE.NS,2026-02-10,False,10,2,-0.02925520158544095,-0.02925520158544095,0.5,1.0,39.0,-0.0137179214914628,0.4744096483226918,0.4569452849022741,-0.0174643634204176,False,True,0,False,0.4744096483226918,0.0,False,0.4744096483226918,0.0,False,0.4744096483226918,0.0,False,0.4744096483226918,0.0
BAJFINANCE.NS,2026-05-08,False,10,3,-0.025324922197099836,-0.0174643634204176,0.3333333333333333,0.6666666666666666,38.0,-0.0057480794765161,0.3681654270903764,0.3965794094937444,0.028413982403368,False,True,0,False,0.3681654270903764,0.0,False,0.3681654270903764,0.0,False,0.3681654270903764,0.0,False,0.3681654270903764,0.0
BAJFINANCE.NS,2026-08-10,False,10,4,-0.011890196046982878,-0.0035482352219145504,0.5,0.5,45.5,-0.0208838019413243,0.3400857967552503,0.3345288376932394,-0.0055569590620109,False,True,0,False,0.3400857967552503,0.0,False,0.3400857967552503,0.0,False,0.3400857967552503,0.0,False,0.3400857967552503,0.0
BEL.NS,2025-08-08,True,10,0,0.0,0.0,0.0,0.0,0.0,-0.0056187137305403,0.3245190892249716,0.3730718033043614,0.0485527140793898,False,True,0,False,0.3245190892249716,0.0,False,0.3245190892249716,0.0,False,0.3245190892249716,0.0,False,0.3245190892249716,0.0
BEL.NS,2025-11-10,False,10,1,0.0485527140793898,0.0485527140793898,1.0,0.0,24.0,-0.0033972647179359,0.290052035506581,0.3387021475256769,0.0486501120190959,False,True,0,True,0.3387021475256769,0.048650112019095915,True,0.3387021475256769,0.048650112019095915,False,0.290052035506581,0.0,True,0.3387021475256769,0.048650112019095915
BEL.NS,2026-02-10,False,10,2,0.04860141304924285,0.04860141304924285,1.0,0.0,45.0,0.0068974724399105,0.3829687547274197,0.4012085635848012,0.0182398088573815,False,True,0,True,0.4012085635848012,0.018239808857381523,True,0.4012085635848012,0.018239808857381523,True,0.4012085635848012,0.018239808857381523,True,0.4012085635848012,0.018239808857381523
BEL.NS,2026-05-08,False,10,3,0.038480878318622395,0.0485527140793898,1.0,0.0,33.333333333333336,0.0070600678762031,0.3204403911300463,0.3101213818860878,-0.0103190092439585,False,True,0,True,0.3101213818860878,-0.01031900924395851,True,0.3101213818860878,-0.01031900924395851,True,0.3101213818860878,-0.01031900924395851,True,0.3101213818860878,-0.01031900924395851
BEL.NS,2026-08-10,False,10,4,0.026280906427977174,0.033396261468385646,0.75,0.0,28.0,0.0016284168080364,0.229584017515052,0.2168028767571101,-0.0127811407579418,False,True,0,True,0.2168028767571101,-0.0127811407579419,True,0.2168028767571101,-0.0127811407579419,True,0.2168028767571101,-0.0127811407579419,True,0.2168028767571101,-0.0127811407579419
BHARTIARTL.NS,2025-08-08,True,10,0,0.0,0.0,0.0,0.0,0.0,0.0016696965876147,0.3323718523537187,0.3627006789770924,0.0303288266233736,False,True,0,False,0.3323718523537187,0.0,False,0.3323718523537187,0.0,True,0.3627006789770924,0.030328826623373717,False,0.3323718523537187,0.0
BHARTIARTL.NS,2025-11-10,False,10,1,0.0303288266233736,0.0303288266233736,1.0,0.0,18.0,0.0207896515523424,0.3559262878682117,0.3353004907271684,-0.0206257971410432,False,True,0,True,0.3353004907271684,-0.02062579714104329,True,0.3353004907271684,-0.02062579714104329,True,0.3353004907271684,-0.02062579714104329,True,0.3353004907271684,-0.02062579714104329
BHARTIARTL.NS,2026-02-10,False,10,2,0.0048515147411652,0.0048515147411652,0.5,0.0,18.0,-0.013461049409897,0.3302774705960238,0.2906522740114387,-0.039625196584585,False,True,0,True,0.2906522740114387,-0.039625196584585076,True,0.2906522740114387,-0.039625196584585076,False,0.3302774705960238,0.0,True,0.2906522740114387,-0.039625196584585076
BHARTIARTL.NS,2026-05-08,False,10,3,-0.009974055700751534,-0.0206257971410432,0.3333333333333333,0.0,16.0,0.0072073387560742,0.3147637309650362,0.2952861750036533,-0.0194775559613828,True,True,0,False,0.3147637309650362,0.0,False,0.3147637309650362,0.0,True,0.2952861750036533,-0.019477555961382897,False,0.3147637309650362,0.0
BHARTIARTL.NS,2026-08-10,False,10,4,-0.01234993076590935,-0.020051676551213,0.25,0.25,31.5,-0.0060637730983081,0.3198561790909452,0.2470672854285517,-0.0727888936623935,True,True,0,False,0.3198561790909452,0.0,False,0.3198561790909452,0.0,False,0.3198561790909452,0.0,False,0.3198561790909452,0.0
BRITANNIA.NS,2025-08-08,True,10,0,0.0,0.0,0.0,0.0,0.0,-0.0066745968378977,0.3915798351032546,0.4141438808359103,0.0225640457326556,False,True,0,False,0.3915798351032546,0.0,False,0.3915798351032546,0.0,False,0.3915798351032546,0.0,False,0.3915798351032546,0.0
BRITANNIA.NS,2025-11-10,False,10,1,0.0225640457326556,0.0225640457326556,1.0,0.0,28.0,0.0217514376455024,0.3594243579964404,0.3394652823474933,-0.019959075648947,False,True,0,True,0.3394652823474933,-0.01995907564894711,True,0.3394652823474933,-0.01995907564894711,True,0.3394652823474933,-0.01995907564894711,True,0.3394652823474933,-0.01995907564894711
BRITANNIA.NS,2026-02-10,False,10,2,0.0013024850418543003,0.0013024850418543003,0.5,0.0,35.0,0.0036108598179924,0.2704999587362728,0.2861916482337452,0.0156916894974723,True,True,0,True,0.2861916482337452,0.015691689497472405,True,0.2861916482337452,0.015691689497472405,True,0.2861916482337452,0.015691689497472405,True,0.2861916482337452,0.015691689497472405
BRITANNIA.NS,2026-05-08,False,10,3,0.0060988865270603,0.0156916894974723,0.6666666666666666,0.3333333333333333,25.333333333333332,-0.005751195066668,0.3091105699955846,0.3007724301841949,-0.0083381398113897,False,True,0,True,0.3007724301841949,-0.0083381398113897,False,0.3091105699955846,0.0,False,0.3091105699955846,0.0,True,0.3007724301841949,-0.0083381398113897
BRITANNIA.NS,2026-08-10,False,10,4,0.0024896299424478005,0.0036767748430413007,0.5,0.25,23.5,0.0029674668846146,0.3311346200591786,0.3258823244434755,-0.0052522956157031,False,True,0,True,0.3258823244434755,-0.0052522956157031175,False,0.3311346200591786,0.0,True,0.3258823244434755,-0.0052522956157031175,True,0.3258823244434755,-0.0052522956157031175
CIPLA.NS,2025-08-08,True,10,0,0.0,0.0,0.0,0.0,0.0,0.0085921341884336,0.3026002946889023,0.2866405995438253,-0.015959695145077,False,True,0,False,0.3026002946889023,0.0,False,0.3026002946889023,0.0,True,0.2866405995438253,-0.015959695145077002,True,0.2866405995438253,-0.015959695145077002
CIPLA.NS,2025-11-10,False,10,1,-0.015959695145077,-0.015959695145077,0.0,0.0,14.0,-0.0045598283040194,0.3340556624792778,0.3640642168085273,0.0300085543292495,False,True,0,False,0.3340556624792778,0.0,False,0.3340556624792778,0.0,False,0.3340556624792778,0.0,False,0.3340556624792778,0.0
CIPLA.NS,2026-02-10,False,10,2,0.00702442959208625,0.00702442959208625,0.5,0.0,23.0,-0.0081123905460172,0.3332062137545627,0.3434001220562486,0.0101939083016858,True,True,0,True,0.3434001220562486,0.010193908301685872,True,0.3434001220562486,0.010193908301685872,False,0.3332062137545627,0.0,True,0.3434001220562486,0.010193908301685872
CIPLA.NS,2026-05-08,False,10,3,0.0080809224952861,0.0101939083016858,0.6666666666666666,0.3333333333333333,32.0,-0.0100758861554074,0.3419017331698088,0.3410612731608879,-0.0008404600089209,False,True,0,True,0.3410612731608879,-0.0008404600089209069,False,0.3419017331698088,0.0,False,0.3419017331698088,0.0,True,0.3410612731608879,-0.0008404600089209069
CIPLA.NS,2026-08-10,False,10,4,0.00585057686923435,0.00467672414638245,0.5,0.25,28.5,0.012760325440919,0.358870420414862,0.3441816841964225,-0.0146887362184394,False,True,0,True,0.3441816841964225,-0.014688736218439524,False,0.358870420414862,0.0,True,0.3441816841964225,-0.014688736218439524,True,0.3441816841964225,-0.014688736218439524
COALINDIA.NS,2025-08-08,True,10,0,0.0,0.0,0.0,0.0,0.0,-0.006397632998483,0.3059326456354057,0.3290830062224563,0.0231503605870506,False,True,0,False,0.3059326456354057,0.0,False,0.3059326456354057,0.0,False,0.3059326456354057,0.0,False,0.3059326456354057,0.0
COALINDIA.NS,2025-11-10,False,10,1,0.0231503605870506,0.0231503605870506,1.0,0.0,22.0,0.0014719039168071,0.3088032842292695,0.3396979503775619,0.0308946661482923,False,True,0,True,0.3396979503775619,0.030894666148292393,True,0.3396979503775619,0.030894666148292393,True,0.3396979503775619,0.030894666148292393,True,0.3396979503775619,0.030894666148292393
COALINDIA.NS,2026-02-10,False,10,2,0.02702251336767145,0.02702251336767145,1.0,0.0,37.0,0.0014897376744908,0.3292581071493822,0.2753979422710073,-0.0538601648783749,True,True,0,True,0.2753979422710073,-0.053860164878374917,True,0.2753979422710073,-0.053860164878374917,True,0.2753979422710073,-0.053860164878374917,True,0.2753979422710073,-0.053860164878374917
COALINDIA.NS,2026-05-08,False,10,3,6.162061898933267e-05,0.0231503605870506,0.6666666666666666,0.3333333333333333,49.333333333333336,-0.0052283172640639,0.2681762154874024,0.2743019254647161,0.0061257099773137,False,True,0,True,0.2743019254647161,0.006125709977313709,False,0.2681762154874024,0.0,False,0.2681762154874024,0.0,True,0.2743019254647161,0.006125709977313709
COALINDIA.NS,2026-08-10,False,10,4,0.0015776429585704244,0.01463803528218215,0.75,0.25,50.0,-0.011118834427678,0.3299484263259604,0.2711346134613461,-0.0588138128646142,True,True,0,True,0.2711346134613461,-0.05881381286461429,False,0.3299484263259604,0.0,False,0.3299484263259604,0.0,True,0.2711346134613461,-0.05881381286461429
DRREDDY.NS,2025-08-08,True,10,0,0.0,0.0,0.0,0.0,0.0,0.0015433642607402,0.3679212275703503,0.3856333250150994,0.0177120974447491,False,True,0,False,0.3679212275703503,0.0,False,0.3679212275703503,0.0,True,0.3856333250150994,0.01771209744474911,False,0.3679212275703503,0.0
DRREDDY.NS,2025-11-10,False,10,1,0.0177120974447491,0.0177120974447491,1.0,0.0,20.0,-0.0291616363707817,0.3840059656972408,0.3684477465853984,-0.0155582191118424,True,True,0,True,0.3684477465853984,-0.015558219111842408,True,0.3684477465853984,-0.015558219111842408,False,0.3840059656972408,0.0,True,0.3684477465853984,-0.015558219111842408
DRREDDY.NS,2026-02-10,False,10,2,0.001076939166453351,0.001076939166453351,0.5,0.5,30.0,-0.0119189354584974,0.3823310553250156,0.3902866145984054,0.0079555592733898,False,True,0,True,0.3902866145984054,0.007955559273389812,False,0.3823310553250156,0.0,False,0.3823310553250156,0.0,True,0.3902866145984054,0.007955559273389812
DRREDDY.NS,2026-05-08,False,10,3,0.003369812535432167,0.0079555592733898,0.6666666666666666,0.3333333333333333,23.333333333333332,0.0030247168473268,0.3369265895147797,0.3091540819651419,-0.0277725075496378,True,True,0,True,0.3091540819651419,-0.027772507549637837,False,0.3369265895147797,0.0,True,0.3091540819651419,-0.027772507549637837,True,0.3091540819651419,-0.027772507549637837
DRREDDY.NS,2026-08-10,False,10,4,-0.004415767485835324,-0.0038013299192263,0.5,0.5,25.5,-0.009111545266756,0.3520801083281705,0.3740402117050355,0.0219601033768649,False,True,0,False,0.3520801083281705,0.0,False,0.3520801083281705,0.0,False,0.3520801083281705,0.0,False,0.3520801083281705,0.0
EICHERMOT.NS,2025-08-08,True,10,0,0.0,0.0,0.0,0.0,0.0,-0.0055043648562444,0.2613718658194985,0.3171085504390066,0.055736684619508,False,True,0,False,0.2613718658194985,0.0,False,0.2613718658194985,0.0,False,0.2613718658194985,0.0,False,0.2613718658194985,0.0
EICHERMOT.NS,2025-11-10,False,10,1,0.055736684619508,0.055736684619508,1.0,0.0,58.0,-0.0078910664567298,0.2727780392342581,0.2688271758160654,-0.0039508634181926,True,True,0,True,0.2688271758160654,-0.003950863418192674,True,0.2688271758160654,-0.003950863418192674,False,0.2727780392342581,0.0,True,0.2688271758160654,-0.003950863418192674
EICHERMOT.NS,2026-02-10,False,10,2,0.025892910600657702,0.025892910600657702,0.5,0.5,51.0,-0.0250925198418279,0.2952198607872235,0.3069396188193326,0.011719758032109,False,True,0,True,0.3069396188193326,0.011719758032109118,False,0.2952198607872235,0.0,False,0.2952198607872235,0.0,True,0.3069396188193326,0.011719758032109118
EICHERMOT.NS,2026-05-08,False,10,3,0.021168526411141465,0.011719758032109,0.6666666666666666,0.3333333333333333,39.333333333333336,-0.002571954105811,0.2253249111685118,0.2494249764967997,0.0241000653282878,False,True,0,True,0.2494249764967997,0.0241000653282879,False,0.2253249111685118,0.0,False,0.2253249111685118,0.0,True,0.2494249764967997,0.0241000653282879
EICHERMOT.NS,2026-08-10,False,10,4,0.02190141114042805,0.017909911680198398,0.75,0.25,60.5,0.0005776369303638,0.2483039264061162,0.2846035552510372,0.036299628844921,False,True,0,True,0.2846035552510372,0.036299628844920995,False,0.2483039264061162,0.0,True,0.2846035552510372,0.036299628844920995,True,0.2846035552510372,0.036299628844920995
GRASIM.NS,2025-08-08,True,10,0,0.0,0.0,0.0,0.0,0.0,0.0004556391439551,0.3385010786206042,0.3475279470491508,0.0090268684285466,False,True,0,False,0.3385010786206042,0.0,False,0.3385010786206042,0.0,True,0.3475279470491508,0.009026868428546608,False,0.3385010786206042,0.0
GRASIM.NS,2025-11-10,False,10,1,0.0090268684285466,0.0090268684285466,1.0,0.0,26.0,0.0081405291324589,0.3198604752561587,0.3250773103200288,0.00521683506387,False,True,0,True,0.3250773103200288,0.005216835063870107,True,0.3250773103200288,0.005216835063870107,True,0.3250773103200288,0.005216835063870107,True,0.3250773103200288,0.005216835063870107
GRASIM.NS,2026-02-10,False,10,2,0.0071218517462083,0.0071218517462083,1.0,0.0,24.0,0.0078193493763816,0.3140715269131703,0.3094207004478981,-0.0046508264652722,False,True,0,True,0.3094207004478981,-0.0046508264652722064,True,0.3094207004478981,-0.0046508264652722064,True,0.3094207004478981,-0.0046508264652722064,True,0.3094207004478981,-0.0046508264652722064
GRASIM.NS,2026-05-08,False,10,3,0.0031976256757148005,0.00521683506387,0.6666666666666666,0.0,20.666666666666668,-0.005521556807185,0.3054841677771432,0.2917488825545149,-0.0137352852226282,False,True,0,True,0.2917488825545149,-0.01373528522262829,True,0.2917488825545149,-0.01373528522262829,False,0.3054841677771432,0.0,True,0.2917488825545149,-0.01373528522262829
GRASIM.NS,2026-08-10,False,10,4,-0.0010356020488709499,0.0002830042992988998,0.5,0.0,19.0,0.0020533013312991,0.3086677989332856,0.2859373420909624,-0.0227304568423232,False,True,0,False,0.3086677989332856,0.0,False,0.3086677989332856,0.0,True,0.2859373420909624,-0.02273045684232322,False,0.3086677989332856,0.0
HCLTECH.NS,2025-08-08,True,5,0,0.0,0.0,0.0,0.0,0.0,0.0068370221377583,0.27768536121673,0.2561156074199552,-0.0215697537967747,True,True,0,False,0.27768536121673,0.0,False,0.27768536121673,0.0,True,0.2561156074199552,-0.021569753796774782,True,0.2561156074199552,-0.021569753796774782
HCLTECH.NS,2025-11-10,False,5,1,-0.0215697537967747,-0.0215697537967747,0.0,1.0,22.0,-0.0283651550640888,0.3056748355382057,0.3172579355434143,0.0115831000052085,True,True,0,False,0.3056748355382057,0.0,False,0.3056748355382057,0.0,False,0.3056748355382057,0.0,False,0.3056748355382057,0.0
HCLTECH.NS,2026-02-10,False,5,2,-0.0049933268957831,-0.0049933268957831,0.5,1.0,25.0,-0.0162804680863435,0.3060253142577192,0.2541446208112874,-0.0518806934464317,True,True,0,False,0.3060253142577192,0.0,False,0.3060253142577192,0.0,False,0.3060253142577192,0.0,False,0.3060253142577192,0.0
HCLTECH.NS,2026-05-08,False,5,3,-0.020622449079332635,-0.0215697537967747,0.3333333333333333,1.0,39.333333333333336,-0.0298929308458578,0.3009132420091324,0.307554150651963,0.0066409086428306,True,True,0,False,0.3009132420091324,0.0,False,0.3009132420091324,0.0,False,0.3009132420091324,0.0,False,0.3009132420091324,0.0
HCLTECH.NS,2026-08-10,False,5,4,-0.013806609648791825,-0.00746442257697205,0.5,1.0,31.0,0.0015148581983503,0.3222416566196987,0.3238533289182622,0.0016116722985635,False,True,0,False,0.3222416566196987,0.0,False,0.3222416566196987,0.0,True,0.3238533289182622,0.0016116722985634602,False,0.3222416566196987,0.0
HDFCBANK.NS,2025-08-08,True,10,0,0.0,0.0,0.0,0.0,0.0,0.0108918230042023,0.3300188323917137,0.3006933542647829,-0.0293254781269308,True,True,0,False,0.3300188323917137,0.0,False,0.3300188323917137,0.0,True,0.3006933542647829,-0.029325478126930815,True,0.3006933542647829,-0.029325478126930815
HDFCBANK.NS,2025-11-10,False,10,1,-0.0293254781269308,-0.0293254781269308,0.0,1.0,24.0,-0.0007340922518923,0.3587254346182917,0.4483817769532055,0.0896563423349137,False,True,0,False,0.3587254346182917,0.0,False,0.3587254346182917,0.0,False,0.3587254346182917,0.0,False,0.3587254346182917,0.0
HDFCBANK.NS,2026-02-10,False,10,2,0.030165432103991446,0.030165432103991446,0.5,0.5,27.0,-0.0324177689167303,0.2970958498341865,0.3086997635933806,0.0116039137591941,False,True,0,True,0.3086997635933806,0.011603913759194062,False,0.2970958498341865,0.0,False,0.2970958498341865,0.0,True,0.3086997635933806,0.011603913759194062
HDFCBANK.NS,2026-05-08,False,10,3,0.023978259322392333,0.0116039137591941,0.6666666666666666,0.3333333333333333,26.666666666666668,-0.0226759213446882,0.2367253153638964,0.2919886548565583,0.0552633394926618,False,True,0,True,0.2919886548565583,0.05526333949266188,False,0.2367253153638964,0.0,False,0.2367253153638964,0.0,True,0.2919886548565583,0.05526333949266188
HDFCBANK.NS,2026-08-10,False,10,4,0.0317995293649597,0.03343362662592795,0.75,0.25,24.5,-0.012753359744937,0.2709362469969456,0.281761583996734,0.0108253369997884,False,True,0,True,0.281761583996734,0.010825336999788437,False,0.2709362469969456,0.0,False,0.2709362469969456,0.0,True,0.281761583996734,0.010825336999788437
HDFCLIFE.NS,2025-08-08,True,10,0,0.0,0.0,0.0,0.0,0.0,0.0176800905574466,0.2321711634575777,0.2418885404496915,0.0097173769921138,True,True,0,False,0.2321711634575777,0.0,False,0.2321711634575777,0.0,True,0.2418885404496915,0.00971737699211378,True,0.2418885404496915,0.00971737699211378
HDFCLIFE.NS,2025-11-10,False,10,1,0.0097173769921138,0.0097173769921138,1.0,1.0,30.0,-0.0060234291203893,0.2795435363071873,0.3215211802683289,0.0419776439611415,False,True,0,True,0.3215211802683289,0.041977643961141564,False,0.2795435363071873,0.0,False,0.2795435363071873,0.0,True,0.3215211802683289,0.041977643961141564
HDFCLIFE.NS,2026-02-10,False,10,2,0.02584751047662765,0.02584751047662765,1.0,0.5,25.0,-0.0025490816171242,0.3798765670110699,0.3745346182127791,-0.0053419487982908,False,True,0,True,0.3745346182127791,-0.005341948798290808,False,0.3798765670110699,0.0,False,0.3798765670110699,0.0,True,0.3745346182127791,-0.005341948798290808
HDFCLIFE.NS,2026-05-08,False,10,3,0.015451024051654834,0.0097173769921138,0.6666666666666666,0.3333333333333333,28.0,0.0071556181148329,0.3590495533843572,0.2794573113798365,-0.0795922420045207,True,True,0,True,0.2794573113798365,-0.0795922420045207,False,0.3590495533843572,0.0,True,0.2794573113798365,-0.0795922420045207,True,0.2794573113798365,-0.0795922420045207
HDFCLIFE.NS,2026-08-10,False,10,4,-0.008309792462389049,0.0021877140969115004,0.5,0.5,32.0,-0.0283744179507665,0.2741787470179928,0.2949831467437101,0.0208043997257172,False,True,0,False,0.2741787470179928,0.0,False,0.2741787470179928,0.0,False,0.2741787470179928,0.0,False,0.2741787470179928,0.0
HEROMOTOCO.NS,2025-08-08,True,10,0,0.0,0.0,0.0,0.0,0.0,-0.0104413385497172,0.2882149320505485,0.3028839704896043,0.0146690384390558,False,True,0,False,0.2882149320505485,0.0,False,0.2882149320505485,0.0,False,0.2882149320505485,0.0,False,0.2882149320505485,0.0
HEROMOTOCO.NS,2025-11-10,False,10,1,0.0146690384390558,0.0146690384390558,1.0,0.0,12.0,-0.0008194445466571,0.3876094520389823,0.3269303311557957,-0.0606791208831866,False,True,0,True,0.3269303311557957,-0.06067912088318661,True,0.3269303311557957,-0.06067912088318661,False,0.3876094520389823,0.0,True,0.3269303311557957,-0.06067912088318661
HEROMOTOCO.NS,2026-02-10,False,10,2,-0.0230050412220654,-0.0230050412220654,0.5,0.0,9.0,-0.000312387228064,0.4087704534829359,0.3606759782641551,-0.0480944752187808,False,True,0,False,0.4087704534829359,0.0,False,0.4087704534829359,0.0,False,0.4087704534829359,0.0,False,0.4087704534829359,0.0
HEROMOTOCO.NS,2026-05-08,False,10,3,-0.0313681858876372,-0.0480944752187808,0.3333333333333333,0.0,10.666666666666666,-0.0024819320267557,0.3560365323470685,0.3929682801790158,0.0369317478319473,False,True,0,False,0.3560365323470685,0.0,False,0.3560365323470685,0.0,False,0.3560365323470685,0.0,False,0.3560365323470685,0.0
HEROMOTOCO.NS,2026-08-10,False,10,4,-0.014293202457741074,-0.016712718389862498,0.5,0.0,13.5,0.0016135848588918,0.3261509579513882,0.322406356543029,-0.0037446014083591,False,True,0,False,0.3261509579513882,0.0,False,0.3261509579513882,0.0,True,0.322406356543029,-0.003744601408359194,False,0.3261509579513882,0.0
HINDALCO.NS,2025-08-08,True,10,0,0.0,0.0,0.0,0.0,0.0,-0.0232644474862162,0.391171959538932,0.435410230599234,0.0442382710603019,False,True,0,False,0.391171959538932,0.0,False,0.391171959538932,0.0,False,0.391171959538932,0.0,False,0.391171959538932,0.0
HINDALCO.NS,2025-11-10,False,10,1,0.0442382710603019,0.0442382710603019,1.0,0.0,66.0,-0.005309060441787,0.3387407054589717,0.3654489495517195,0.0267082440927478,False,True,0,True,0.3654489495517195,0.0267082440927478,True,0.3654489495517195,0.0267082440927478,False,0.3387407054589717,0.0,True,0.3654489495517195,0.0267082440927478
HINDALCO.NS,2026-02-10,False,10,2,0.03547325757652485,0.03547325757652485,1.0,0.0,51.0,0.0098359529214698,0.3948331559131608,0.4069444444444444,0.0121112885312835,False,True,0,True,0.4069444444444444,0.01211128853128357,True,0.4069444444444444,0.01211128853128357,True,0.4069444444444444,0.01211128853128357,True,0.4069444444444444,0.01211128853128357
HINDALCO.NS,2026-05-08,False,10,3,0.0276859345614444,0.0267082440927478,1.0,0.0,35.333333333333336,0.004401760334138,0.326302835069517,0.3616741741741742,0.0353713391046571,False,True,0,True,0.3616741741741742,0.03537133910465717,True,0.3616741741741742,0.03537133910465717,True,0.3616741741741742,0.03537133910465717,True,0.3616741741741742,0.03537133910465717
HINDALCO.NS,2026-08-10,False,10,4,0.029607285697247576,0.03103979159870245,1.0,0.0,37.0,-0.0032789865108607,0.3547568081213879,0.3723424430221138,0.0175856349007259,False,True,0,True,0.3723424430221138,0.0175856349007259,True,0.3723424430221138,0.0175856349007259,False,0.3547568081213879,0.0,True,0.3723424430221138,0.0175856349007259
HINDUNILVR.NS,2025-08-08,True,10,0,0.0,0.0,0.0,0.0,0.0,-0.0027553082590232,0.3946098304953859,0.3527935441522838,-0.041816286343102,False,True,0,False,0.3946098304953859,0.0,False,0.3946098304953859,0.0,False,0.3946098304953859,0.0,False,0.3946098304953859,0.0
HINDUNILVR.NS,2025-11-10,False,10,1,-0.041816286343102,-0.041816286343102,0.0,0.0,0.0,0.0042032052445642,0.4208191550135366,0.3656829451061048,-0.0551362099074319,False,True,0,False,0.4208191550135366,0.0,False,0.4208191550135366,0.0,True,0.3656829451061048,-0.05513620990743184,False,0.4208191550135366,0.0
HINDUNILVR.NS,2026-02-10,False,10,2,-0.04847624812526695,-0.04847624812526695,0.0,0.0,6.0,-0.017933721497901,0.4583303754035461,0.4319860930030422,-0.0263442824005039,False,True,0,False,0.4583303754035461,0.0,False,0.4583303754035461,0.0,False,0.4583303754035461,0.0,False,0.4583303754035461,0.0
HINDUNILVR.NS,2026-05-08,False,10,3,-0.0410989262170126,-0.041816286343102,0.0,0.0,9.333333333333334,-0.0139208253875446,0.3722286880181616,0.3963319340783636,0.0241032460602019,False,True,0,False,0.3722286880181616,0.0,False,0.3722286880181616,0.0,False,0.3722286880181616,0.0,False,0.3722286880181616,0.0
HINDUNILVR.NS,2026-08-10,False,10,4,-0.024798383147708977,-0.03408028437180295,0.25,0.0,13.5,-0.014208055282304,0.3661869002920317,0.3976872829039115,0.0315003826118797,False,True,0,False,0.3661869002920317,0.0,False,0.3661869002920317,0.0,False,0.3661869002920317,0.0,False,0.3661869002920317,0.0
ICICIBANK.NS,2025-08-08,True,10,0,0.0,0.0,0.0,0.0,0.0,-0.004656112455204,0.3549367295443333,0.3603271650293007,0.0053904354849674,False,True,0,False,0.3549367295443333,0.0,False,0.3549367295443333,0.0,False,0.3549367295443333,0.0,False,0.3549367295443333,0.0
ICICIBANK.NS,2025-11-10,False,10,1,0.0053904354849674,0.0053904354849674,1.0,0.0,18.0,-0.0072440025858911,0.3823309896033859,0.4266690574382881,0.0443380678349021,False,True,0,True,0.4266690574382881,0.044338067834902184,True,0.4266690574382881,0.044338067834902184,False,0.3823309896033859,0.0,True,0.4266690574382881,0.044338067834902184
ICICIBANK.NS,2026-02-10,False,10,2,0.02486425165993475,0.02486425165993475,1.0,0.0,11.0,-0.0088018523055057,0.4388669108669109,0.4104365144313742,-0.0284303964355367,False,True,0,True,0.4104365144313742,-0.028430396435536687,True,0.4104365144313742,-0.028430396435536687,False,0.4388669108669109,0.0,True,0.4104365144313742,-0.028430396435536687
ICICIBANK.NS,2026-05-08,False,10,3,0.007099368961444266,0.0053904354849674,0.6666666666666666,0.0,14.0,-0.0231415680154362,0.3648272751651674,0.3992885220125786,0.0344612468474112,False,True,0,True,0.3992885220125786,0.0344612468474112,True,0.3992885220125786,0.0344612468474112,False,0.3648272751651674,0.0,True,0.3992885220125786,0.0344612468474112
ICICIBANK.NS,2026-08-10,False,10,4,0.013939838432935999,0.019925841166189298,0.75,0.0,18.0,-0.0152655742184167,0.3388317049307761,0.3419426787108286,0.0031109737800524,False,True,0,True,0.3419426787108286,0.0031109737800525394,True,0.3419426787108286,0.0031109737800525394,False,0.3388317049307761,0.0,True,0.3419426787108286,0.0031109737800525394
INDIGO.NS,2025-08-08,True,10,0,0.0,0.0,0.0,0.0,0.0,0.0010415637741428,0.3568027688760138,0.3315160661355601,-0.0252867027404537,True,True,0,False,0.3568027688760138,0.0,False,0.3568027688760138,0.0,True,0.3315160661355601,-0.025286702740453693,False,0.3568027688760138,0.0
INDIGO.NS,2025-11-10,False,10,1,-0.0252867027404537,-0.0252867027404537,0.0,1.0,38.0,-0.005673165542133,0.3274734105692616,0.303390575576006,-0.0240828349932556,False,True,0,False,0.3274734105692616,0.0,False,0.3274734105692616,0.0,False,0.3274734105692616,0.0,False,0.3274734105692616,0.0
INDIGO.NS,2026-02-10,False,10,2,-0.02468476886685465,-0.02468476886685465,0.0,0.5,37.0,0.0047132083279377,0.3343353627600203,0.3448142519419115,0.0104788891818912,False,True,0,False,0.3343353627600203,0.0,False,0.3343353627600203,0.0,True,0.3448142519419115,0.010478889181891216,False,0.3343353627600203,0.0
INDIGO.NS,2026-05-08,False,10,3,-0.0129635495172727,-0.0240828349932556,0.3333333333333333,0.3333333333333333,28.666666666666668,0.0058587007846482,0.3209748712874915,0.3587252881689053,0.0377504168814138,False,True,0,False,0.3209748712874915,0.0,False,0.3209748712874915,0.0,True,0.3587252881689053,0.037750416881413784,False,0.3209748712874915,0.0
INDIGO.NS,2026-08-10,False,10,4,-0.000285057917601075,-0.0068019729056822,0.5,0.25,33.0,-0.0027586944248552,0.3080465744776403,0.304101838755304,-0.0039447357223362,False,True,0,False,0.3080465744776403,0.0,False,0.3080465744776403,0.0,False,0.3080465744776403,0.0,False,0.3080465744776403,0.0
INFY.NS,2025-08-08,True,5,0,0.0,0.0,0.0,0.0,0.0,-0.0233027555485249,0.2896687541848832,0.2791614307168909,-0.0105073234679923,True,True,0,False,0.2896687541848832,0.0,False,0.2896687541848832,0.0,False,0.2896687541848832,0.0,False,0.2896687541848832,0.0
INFY.NS,2025-11-10,False,5,1,-0.0105073234679923,-0.0105073234679923,0.0,1.0,6.0,-0.0212627223320975,0.3361846231029725,0.335519070301679,-0.0006655528012935,False,True,0,False,0.3361846231029725,0.0,False,0.3361846231029725,0.0,False,0.3361846231029725,0.0,False,0.3361846231029725,0.0
INFY.NS,2026-02-10,False,5,2,-0.0055864381346429,-0.0055864381346429,0.0,0.5,18.0,-0.0253880577345025,0.3083494345261097,0.3511446621110942,0.0427952275849845,False,True,0,False,0.3083494345261097,0.0,False,0.3083494345261097,0.0,False,0.3083494345261097,0.0,False,0.3083494345261097,0.0
INFY.NS,2026-05-08,False,5,3,0.010540783771899568,-0.0006655528012935,0.3333333333333333,0.3333333333333333,23.333333333333332,0.0025978207877359,0.3438230935418787,0.3628142411975599,0.0189911476556812,False,True,0,True,0.3628142411975599,0.018991147655681218,False,0.3438230935418787,0.0,True,0.3628142411975599,0.018991147655681218,True,0.3628142411975599,0.018991147655681218
INFY.NS,2026-08-10,False,5,4,0.012653374742844975,0.00916279742719385,0.5,0.25,22.0,-0.0150789372639115,0.2985273464146703,0.3524623524623524,0.0539350060476821,False,True,0,True,0.3524623524623524,0.05393500604768209,False,0.2985273464146703,0.0,False,0.2985273464146703,0.0,True,0.3524623524623524,0.05393500604768209
ITC.NS,2025-08-08,True,10,0,0.0,0.0,0.0,0.0,0.0,0.0175875365988804,0.4171222373477427,0.4411328902248,0.0240106528770572,False,True,0,False,0.4171222373477427,0.0,False,0.4171222373477427,0.0,True,0.4411328902248,0.024010652877057337,True,0.4411328902248,0.024010652877057337
ITC.NS,2025-11-10,False,10,1,0.0240106528770572,0.0240106528770572,1.0,0.0,14.0,0.0042219616733443,0.3743206206159706,0.4054144093654648,0.0310937887494942,False,True,0,True,0.4054144093654648,0.0310937887494942,True,0.4054144093654648,0.0310937887494942,True,0.4054144093654648,0.0310937887494942,True,0.4054144093654648,0.0310937887494942
ITC.NS,2026-02-10,False,10,2,0.0275522208132757,0.0275522208132757,1.0,0.0,14.0,0.0052351568317784,0.3690566037735849,0.39132098158168,0.0222643778080951,False,True,0,True,0.39132098158168,0.022264377808095093,True,0.39132098158168,0.022264377808095093,True,0.39132098158168,0.022264377808095093,True,0.39132098158168,0.022264377808095093
ITC.NS,2026-05-08,False,10,3,0.025789606478215498,0.0240106528770572,1.0,0.0,14.0,0.023251310600722,0.3513842746400886,0.3422401218551936,-0.0091441527848949,False,True,0,True,0.3422401218551936,-0.009144152784894999,True,0.3422401218551936,-0.009144152784894999,True,0.3422401218551936,-0.009144152784894999,True,0.3422401218551936,-0.009144152784894999
ITC.NS,2026-08-10,False,10,4,0.017056166662437897,0.023137515342576152,0.75,0.0,19.0,-0.0041437804336039,0.3429484837413226,0.3101724557879022,-0.0327760279534203,False,True,0,True,0.3101724557879022,-0.032776027953420384,True,0.3101724557879022,-0.032776027953420384,False,0.3429484837413226,0.0,True,0.3101724557879022,-0.032776027953420384
JSWSTEEL.NS,2025-08-08,True,10,0,0.0,0.0,0.0,0.0,0.0,-0.0354352305271489,0.3719845045706466,0.3346366765190575,-0.037347828051589,False,True,0,False,0.3719845045706466,0.0,False,0.3719845045706466,0.0,False,0.3719845045706466,0.0,False,0.3719845045706466,0.0
JSWSTEEL.NS,2025-11-10,False,10,1,-0.037347828051589,-0.037347828051589,0.0,0.0,32.0,-0.0336716125528502,0.2449234804614262,0.2679912242301361,0.0230677437687099,False,True,0,False,0.2449234804614262,0.0,False,0.2449234804614262,0.0,False,0.2449234804614262,0.0,False,0.2449234804614262,0.0
JSWSTEEL.NS,2026-02-10,False,10,2,-0.0071400421414395485,-0.0071400421414395485,0.5,0.0,39.0,-0.0104520469735591,0.3219771865864206,0.3194478689679464,-0.0025293176184741,False,True,0,False,0.3219771865864206,0.0,False,0.3219771865864206,0.0,False,0.3219771865864206,0.0,False,0.3219771865864206,0.0
JSWSTEEL.NS,2026-05-08,False,10,3,-0.005603133967117733,-0.0025293176184741,0.3333333333333333,0.0,29.333333333333332,-0.015458308900572,0.2725679592048228,0.281317888249411,0.0087499290445881,False,True,0,False,0.2725679592048228,0.0,False,0.2725679592048228,0.0,False,0.2725679592048228,0.0,False,0.2725679592048228,0.0
JSWSTEEL.NS,2026-08-10,False,10,4,-0.0020148682141912745,0.0031103057130570004,0.5,0.0,23.5,-0.0123947370996598,0.3038113317257537,0.2946683725541655,-0.0091429591715882,True,True,0,False,0.3038113317257537,0.0,False,0.3038113317257537,0.0,False,0.3038113317257537,0.0,False,0.3038113317257537,0.0
KOTAKBANK.NS,2025-08-08,True,10,0,0.0,0.0,0.0,0.0,0.0,0.0200667716277785,0.3854990160014264,0.3534086383548749,-0.0320903776465514,False,True,0,False,0.3854990160014264,0.0,False,0.3854990160014264,0.0,True,0.3534086383548749,-0.03209037764655148,True,0.3534086383548749,-0.03209037764655148
KOTAKBANK.NS,2025-11-10,False,10,1,-0.0320903776465514,-0.0320903776465514,0.0,0.0,4.0,-0.0101583493826037,0.349838137261087,0.3272098188194038,-0.0226283184416831,False,True,0,False,0.349838137261087,0.0,False,0.349838137261087,0.0,False,0.349838137261087,0.0,False,0.349838137261087,0.0
KOTAKBANK.NS,2026-02-10,False,10,2,-0.02735934804411725,-0.02735934804411725,0.0,0.0,20.0,-0.0169549348527014,0.3744971264367816,0.3619618900191656,-0.012535236417616,False,True,0,False,0.3744971264367816,0.0,False,0.3744971264367816,0.0,False,0.3744971264367816,0.0,False,0.3744971264367816,0.0
KOTAKBANK.NS,2026-05-08,False,10,3,-0.022417977501950168,-0.0226283184416831,0.0,0.0,22.666666666666668,0.005333788281693,0.3392547921278102,0.2743301447868773,-0.0649246473409328,True,True,0,False,0.3392547921278102,0.0,False,0.3392547921278102,0.0,True,0.2743301447868773,-0.0649246473409329,False,0.3392547921278102,0.0
KOTAKBANK.NS,2026-08-10,False,10,4,-0.033044644961695825,-0.02735934804411725,0.0,0.25,28.0,-0.0065176930896301,0.3296961916987591,0.3432369557992689,0.0135407641005098,False,True,0,False,0.3296961916987591,0.0,False,0.3296961916987591,0.0,False,0.3296961916987591,0.0,False,0.3296961916987591,0.0
LT.NS,2025-08-08,True,10,0,0.0,0.0,0.0,0.0,0.0,0.0079922155625033,0.3276094276094276,0.3743928183880833,0.0467833907786556,False,True,0,False,0.3276094276094276,0.0,False,0.3276094276094276,0.0,True,0.3743928183880833,0.04678339077865573,True,0.3743928183880833,0.04678339077865573
LT.NS,2025-11-10,False,10,1,0.0467833907786556,0.0467833907786556,1.0,0.0,22.0,-0.0040549830833239,0.3797413121396291,0.3743790072169919,-0.0053623049226371,False,True,0,True,0.3743790072169919,-0.005362304922637173,True,0.3743790072169919,-0.005362304922637173,False,0.3797413121396291,0.0,True,0.3743790072169919,-0.005362304922637173
LT.NS,2026-02-10,False,10,2,0.02071054292800925,0.02071054292800925,0.5,0.0,13.0,-9.784001690654742e-05,0.402330014056508,0.4237644650917122,0.0214344510352041,False,True,0,True,0.4237644650917122,0.021434451035204194,True,0.4237644650917122,0.021434451035204194,False,0.402330014056508,0.0,True,0.4237644650917122,0.021434451035204194
LT.NS,2026-05-08,False,10,3,0.020951845630407532,0.0214344510352041,0.6666666666666666,0.0,12.666666666666666,0.0019502104815882,0.3784649051478916,0.4268836816417606,0.048418776493869,False,True,0,True,0.4268836816417606,0.048418776493869,True,0.4268836816417606,0.048418776493869,True,0.4268836816417606,0.048418776493869,True,0.4268836816417606,0.048418776493869
LT.NS,2026-08-10,False,10,4,0.0278185783462729,0.03410892090692985,0.75,0.0,14.0,0.0047335079338877,0.3033753862615808,0.3775131011155856,0.0741377148540047,False,True,0,True,0.3775131011155856,0.07413771485400483,True,0.3775131011155856,0.07413771485400483,True,0.3775131011155856,0.07413771485400483,True,0.3775131011155856,0.07413771485400483
M&M.NS,2025-08-08,True,10,0,0.0,0.0,0.0,0.0,0.0,0.0025637254781105,0.3996365703682777,0.3325635137282088,-0.0670730566400689,True,True,0,False,0.3996365703682777,0.0,False,0.3996365703682777,0.0,True,0.3325635137282088,-0.0670730566400689,False,0.3996365703682777,0.0
M&M.NS,2025-11-10,False,10,1,-0.0670730566400689,-0.0670730566400689,0.0,1.0,42.0,-0.0144862563334286,0.3438209284978106,0.3510970877307511,0.0072761592329405,True,True,0,False,0.3438209284978106,0.0,False,0.3438209284978106,0.0,False,0.3438209284978106,0.0,False,0.3438209284978106,0.0
M&M.NS,2026-02-10,False,10,2,-0.029898448703564205,-0.029898448703564205,0.5,1.0,44.0,-0.0029797087661661,0.3544357864357865,0.3540185933445024,-0.000417193091284,False,True,0,False,0.3544357864357865,0.0,False,0.3544357864357865,0.0,False,0.3544357864357865,0.0,False,0.3544357864357865,0.0
M&M.NS,2026-05-08,False,10,3,-0.020071363499470803,-0.000417193091284,0.3333333333333333,0.6666666666666666,38.666666666666664,-0.0151947741609494,0.3366831274775688,0.3659777492673708,0.029294621789802,True,True,0,False,0.3366831274775688,0.0,False,0.3366831274775688,0.0,False,0.3366831274775688,0.0,False,0.3366831274775688,0.0
M&M.NS,2026-08-10,False,10,4,-0.007729867177152601,0.00342948307082825,0.5,0.75,48.5,0.0054682086971732,0.372514434027226,0.3225156148987547,-0.0499988191284712,True,True,0,False,0.372514434027226,0.0,False,0.372514434027226,0.0,True,0.3225156148987547,-0.04999881912847132,False,0.372514434027226,0.0
MARUTI.NS,2025-08-08,True,10,0,0.0,0.0,0.0,0.0,0.0,0.0169315748913663,0.3798692810457516,0.4242753623188406,0.0444060812730889,False,True,0,False,0.3798692810457516,0.0,False,0.3798692810457516,0.0,True,0.4242753623188406,0.04440608127308904,True,0.4242753623188406,0.04440608127308904
MARUTI.NS,2025-11-10,False,10,1,0.0444060812730889,0.0444060812730889,1.0,0.0,10.0,-0.0204995147679306,0.2714285714285714,0.2792602879559401,0.0078317165273687,False,True,0,True,0.2792602879559401,0.007831716527368693,True,0.2792602879559401,0.007831716527368693,False,0.2714285714285714,0.0,True,0.2792602879559401,0.007831716527368693
MARUTI.NS,2026-02-10,False,10,2,0.0261188989002288,0.0261188989002288,1.0,0.0,14.0,-0.0020563463026416,0.3043616247250456,0.2885878912968696,-0.015773733428176,True,True,0,True,0.2885878912968696,-0.01577373342817595,True,0.2885878912968696,-0.01577373342817595,False,0.3043616247250456,0.0,True,0.2885878912968696,-0.01577373342817595
MARUTI.NS,2026-05-08,False,10,3,0.012154688124093866,0.0078317165273687,0.6666666666666666,0.3333333333333333,14.0,-0.0249355547257248,0.3110629527274655,0.2853056676586088,-0.0257572850688566,False,True,0,True,0.2853056676586088,-0.02575728506885666,False,0.3110629527274655,0.0,False,0.3110629527274655,0.0,True,0.2853056676586088,-0.02575728506885666
MARUTI.NS,2026-08-10,False,10,4,0.00267669482585625,-0.00397100845040365,0.5,0.25,13.0,0.0012377855358693,0.2689999729751006,0.2671215074723846,-0.0018784655027159,True,True,0,True,0.2671215074723846,-0.0018784655027159758,False,0.2689999729751006,0.0,True,0.2671215074723846,-0.0018784655027159758,True,0.2671215074723846,-0.0018784655027159758
NESTLEIND.NS,2025-08-08,True,10,0,0.0,0.0,0.0,0.0,0.0,0.0162156385256815,0.3213444361410626,0.3320804387877559,0.0107360026466932,False,True,0,False,0.3213444361410626,0.0,False,0.3213444361410626,0.0,True,0.3320804387877559,0.010736002646693277,True,0.3320804387877559,0.010736002646693277
NESTLEIND.NS,2025-11-10,False,10,1,0.0107360026466932,0.0107360026466932,1.0,0.0,10.0,0.0061932171119719,0.2961594599525634,0.2640820339935384,-0.0320774259590249,True,True,0,True,0.2640820339935384,-0.03207742595902496,True,0.2640820339935384,-0.03207742595902496,True,0.2640820339935384,-0.03207742595902496,True,0.2640820339935384,-0.03207742595902496
NESTLEIND.NS,2026-02-10,False,10,2,-0.01067071165616585,-0.01067071165616585,0.5,0.5,17.0,-0.0063754430038767,0.2655901116427432,0.3226530812737709,0.0570629696310277,True,True,0,False,0.2655901116427432,0.0,False,0.2655901116427432,0.0,False,0.2655901116427432,0.0,False,0.2655901116427432,0.0
NESTLEIND.NS,2026-05-08,False,10,3,0.011907182106232,0.0107360026466932,0.6666666666666666,0.6666666666666666,26.666666666666668,-0.0080725790682587,0.3143798792069851,0.2922363664937922,-0.0221435127131928,True,True,0,True,0.2922363664937922,-0.022143512713192925,False,0.3143798792069851,0.0,False,0.3143798792069851,0.0,True,0.2922363664937922,-0.022143512713192925
NESTLEIND.NS,2026-08-10,False,10,4,0.0033945084013758,-0.0057037550332498,0.5,0.75,29.5,-0.047138224959226,0.2638973762064115,0.2704498518452007,0.0065524756387891,True,True,0,True,0.2704498518452007,0.00655247563878919,False,0.2638973762064115,0.0,False,0.2638973762064115,0.0,True,0.2704498518452007,0.00655247563878919
NTPC.NS,2025-08-08,True,5,0,0.0,0.0,0.0,0.0,0.0,0.0065246544992924,0.2769931754332683,0.2844742063492063,0.0074810309159379,False,True,0,False,0.2769931754332683,0.0,False,0.2769931754332683,0.0,True,0.2844742063492063,0.007481030915937992,True,0.2844742063492063,0.007481030915937992
NTPC.NS,2025-11-10,False,5,1,0.0074810309159379,0.0074810309159379,1.0,0.0,14.0,0.0010660728699232,0.2958357477582405,0.3313779548590019,0.0355422071007613,False,True,0,True,0.3313779548590019,0.03554220710076139,True,0.3313779548590019,0.03554220710076139,True,0.3313779548590019,0.03554220710076139,True,0.3313779548590019,0.03554220710076139
NTPC.NS,2026-02-10,False,5,2,0.0215116190083496,0.0215116190083496,1.0,0.0,20.0,0.0156990452191989,0.3348184215865287,0.3026223841445318,-0.0321960374419968,False,True,0,True,0.3026223841445318,-0.032196037441996894,True,0.3026223841445318,-0.032196037441996894,True,0.3026223841445318,-0.032196037441996894,True,0.3026223841445318,-0.032196037441996894
NTPC.NS,2026-05-08,False,5,3,0.0036090668582341354,0.0074810309159379,0.6666666666666666,0.0,19.333333333333332,0.0114767813909006,0.3517891952102478,0.2836524658230084,-0.0681367293872393,False,True,0,True,0.2836524658230084,-0.06813672938723941,True,0.2836524658230084,-0.06813672938723941,True,0.2836524658230084,-0.06813672938723941,True,0.2836524658230084,-0.06813672938723941
NTPC.NS,2026-08-10,False,5,4,-0.014327382203134224,-0.012357503263029448,0.5,0.0,16.5,0.0080627308554773,0.3224396590154389,0.3022021308523409,-0.020237528163098,False,True,0,False,0.3224396590154389,0.0,False,0.3224396590154389,0.0,True,0.3022021308523409,-0.02023752816309804,False,0.3224396590154389,0.0
ONGC.NS,2025-08-08,True,10,0,0.0,0.0,0.0,0.0,0.0,-0.0168545397430551,0.3848391875348189,0.3661050828098229,-0.0187341047249959,False,True,0,False,0.3848391875348189,0.0,False,0.3848391875348189,0.0,False,0.3848391875348189,0.0,False,0.3848391875348189,0.0
ONGC.NS,2025-11-10,False,10,1,-0.0187341047249959,-0.0187341047249959,0.0,0.0,12.0,0.0034477937350487,0.3797850501925524,0.3890496828088688,0.0092646326163163,False,True,0,False,0.3797850501925524,0.0,False,0.3797850501925524,0.0,True,0.3890496828088688,0.009264632616316437,False,0.3797850501925524,0.0
ONGC.NS,2026-02-10,False,10,2,-0.004734736054339801,-0.004734736054339801,0.5,0.0,28.0,0.0044687525729363,0.3643151407622465,0.3331012645623817,-0.0312138761998647,False,True,0,False,0.3643151407622465,0.0,False,0.3643151407622465,0.0,True,0.3331012645623817,-0.03121387619986482,False,0.3643151407622465,0.0
ONGC.NS,2026-05-08,False,10,3,-0.013561116102848101,-0.0187341047249959,0.3333333333333333,0.0,26.0,-0.0180830408907572,0.2857075110970532,0.2983215532303764,0.0126140421333232,False,True,0,False,0.2857075110970532,0.0,False,0.2857075110970532,0.0,False,0.2857075110970532,0.0,False,0.2857075110970532,0.0
ONGC.NS,2026-08-10,False,10,4,-0.007017326543805276,-0.004734736054339801,0.5,0.0,27.5,-0.0064207655835279,0.3015387931989413,0.3212292643796192,0.0196904711806779,False,True,0,False,0.3015387931989413,0.0,False,0.3015387931989413,0.0,False,0.3015387931989413,0.0,False,0.3015387931989413,0.0
POWERGRID.NS,2025-08-08,True,5,0,0.0,0.0,0.0,0.0,0.0,-0.0065342548940625,0.2599722197058912,0.2607147951330839,0.0007425754271926,False,True,0,False,0.2599722197058912,0.0,False,0.2599722197058912,0.0,False,0.2599722197058912,0.0,False,0.2599722197058912,0.0
POWERGRID.NS,2025-11-10,False,5,1,0.0007425754271926,0.0007425754271926,1.0,0.0,32.0,0.0128795931910977,0.2444222444222444,0.2534079275749678,0.0089856831527233,True,True,0,True,0.2534079275749678,0.008985683152723384,True,0.2534079275749678,0.008985683152723384,True,0.2534079275749678,0.008985683152723384,True,0.2534079275749678,0.008985683152723384
POWERGRID.NS,2026-02-10,False,5,2,0.00486412928995795,0.00486412928995795,1.0,0.5,67.0,0.0214654734117696,0.3240841799657184,0.3053504123184514,-0.0187337676472669,False,True,0,True,0.3053504123184514,-0.01873376764726703,False,0.3240841799657184,0.0,True,0.3053504123184514,-0.01873376764726703,True,0.3053504123184514,-0.01873376764726703
POWERGRID.NS,2026-05-08,False,5,3,-0.003001836355783667,0.0007425754271926,0.6666666666666666,0.3333333333333333,51.333333333333336,0.0314609285636563,0.3308841065123474,0.274930011302047,-0.0559540952103003,True,True,0,False,0.3308841065123474,0.0,False,0.3308841065123474,0.0,True,0.274930011302047,-0.055954095210300425,False,0.3308841065123474,0.0
POWERGRID.NS,2026-08-10,False,5,4,-0.016239901069412824,-0.008995596110037151,0.5,0.5,52.0,0.0028093523783074,0.3263403263403263,0.3542163947290979,0.0278760683887715,False,True,0,False,0.3263403263403263,0.0,False,0.3263403263403263,0.0,True,0.3542163947290979,0.027876068388771602,False,0.3263403263403263,0.0
RELIANCE.NS,2025-08-08,True,10,0,0.0,0.0,0.0,0.0,0.0,0.0058181755913134,0.3889319427316502,0.3966000748629525,0.0076681321313022,False,True,0,False,0.3889319427316502,0.0,False,0.3889319427316502,0.0,True,0.3966000748629525,0.0076681321313022965,True,0.3966000748629525,0.0076681321313022965
RELIANCE.NS,2025-11-10,False,10,1,0.0076681321313022,0.0076681321313022,1.0,0.0,20.0,0.0214391888524105,0.3381103625006064,0.3292214156995761,-0.0088889468010302,False,True,0,True,0.3292214156995761,-0.008888946801030306,True,0.3292214156995761,-0.008888946801030306,True,0.3292214156995761,-0.008888946801030306,True,0.3292214156995761,-0.008888946801030306
RELIANCE.NS,2026-02-10,False,10,2,-0.0006104073348640001,-0.0006104073348640001,0.5,0.0,16.0,-0.0034550686399549,0.2472256987901543,0.2857504392066197,0.0385247404164653,False,True,0,False,0.2472256987901543,0.0,False,0.2472256987901543,0.0,False,0.2472256987901543,0.0,False,0.2472256987901543,0.0
RELIANCE.NS,2026-05-08,False,10,3,0.0124346419155791,0.0076681321313022,0.6666666666666666,0.0,24.666666666666668,-0.0269955064830811,0.2789972899728997,0.3086040234329434,0.0296067334600437,False,True,0,True,0.3086040234329434,0.02960673346004372,True,0.3086040234329434,0.02960673346004372,False,0.2789972899728997,0.0,True,0.3086040234329434,0.02960673346004372
RELIANCE.NS,2026-08-10,False,10,4,0.016727664801695248,0.01863743279567295,0.75,0.0,29.0,-0.0029900017394812,0.246225991925947,0.3133356733737494,0.0671096814478023,False,True,0,True,0.3133356733737494,0.06710968144780241,True,0.3133356733737494,0.06710968144780241,False,0.246225991925947,0.0,True,0.3133356733737494,0.06710968144780241
SBILIFE.NS,2025-08-08,True,10,0,0.0,0.0,0.0,0.0,0.0,-0.0100968987166162,0.3769986295111923,0.3743518654279354,-0.0026467640832568,False,True,0,False,0.3769986295111923,0.0,False,0.3769986295111923,0.0,False,0.3769986295111923,0.0,False,0.3769986295111923,0.0
SBILIFE.NS,2025-11-10,False,10,1,-0.0026467640832568,-0.0026467640832568,0.0,0.0,2.0,0.0058602428547026,0.3080822135299143,0.3196937875905853,0.011611574060671,False,True,0,False,0.3080822135299143,0.0,False,0.3080822135299143,0.0,True,0.3196937875905853,0.011611574060671037,False,0.3080822135299143,0.0
SBILIFE.NS,2026-02-10,False,10,2,0.0044824049887071,0.0044824049887071,0.5,0.0,7.0,-0.0037820334013597,0.2914173885061698,0.2901033594180098,-0.0013140290881599,False,True,0,True,0.2901033594180098,-0.0013140290881600292,True,0.2901033594180098,-0.0013140290881600292,False,0.2914173885061698,0.0,True,0.2901033594180098,-0.0013140290881600292
SBILIFE.NS,2026-05-08,False,10,3,0.0025502602964181,-0.0013140290881599,0.3333333333333333,0.0,14.666666666666666,-0.0155326327983204,0.3083279429804205,0.2966249941689602,-0.0117029488114603,False,True,0,True,0.2966249941689602,-0.011702948811460279,True,0.2966249941689602,-0.011702948811460279,False,0.3083279429804205,0.0,True,0.2966249941689602,-0.011702948811460279
SBILIFE.NS,2026-08-10,False,10,4,-0.0010130419805514997,-0.00198039658570835,0.25,0.0,20.5,-9.233926251694946e-05,0.3446097350855664,0.3609928633134694,0.016383128227903,False,True,0,False,0.3446097350855664,0.0,False,0.3446097350855664,0.0,False,0.3446097350855664,0.0,False,0.3446097350855664,0.0
SBIN.NS,2025-08-08,True,5,0,0.0,0.0,0.0,0.0,0.0,0.012024981041153,0.3933518681104282,0.3007601065117405,-0.0925917615986877,True,True,0,False,0.3933518681104282,0.0,False,0.3933518681104282,0.0,True,0.3007601065117405,-0.0925917615986877,True,0.3007601065117405,-0.0925917615986877
SBIN.NS,2025-11-10,False,5,1,-0.0925917615986877,-0.0925917615986877,0.0,1.0,2.0,0.0044660128162221,0.3416622363990785,0.2694775166363147,-0.0721847197627637,True,True,0,False,0.3416622363990785,0.0,False,0.3416622363990785,0.0,True,0.2694775166363147,-0.0721847197627638,False,0.3416622363990785,0.0
SBIN.NS,2026-02-10,False,5,2,-0.0823882406807257,-0.0823882406807257,0.0,1.0,3.0,0.0086328402229073,0.2815778868264467,0.2684747052876913,-0.0131031815387553,True,True,0,False,0.2815778868264467,0.0,False,0.2815778868264467,0.0,True,0.2684747052876913,-0.013103181538755393,False,0.2815778868264467,0.0
SBIN.NS,2026-05-08,False,5,3,-0.05929322096673557,-0.0721847197627637,0.0,1.0,4.666666666666667,0.0155373320779171,0.3111826723740672,0.2963959124484952,-0.0147867599255719,False,True,0,False,0.3111826723740672,0.0,False,0.3111826723740672,0.0,True,0.2963959124484952,-0.01478675992557199,False,0.3111826723740672,0.0
SBIN.NS,2026-08-10,False,5,4,-0.048166605706444654,-0.0434857398441678,0.0,0.75,9.0,0.0191582206049811,0.311207993477497,0.3230139596074307,0.0118059661299336,False,True,0,False,0.311207993477497,0.0,False,0.311207993477497,0.0,True,0.3230139596074307,0.011805966129933676,False,0.311207993477497,0.0
SUNPHARMA.NS,2025-08-08,True,10,0,0.0,0.0,0.0,0.0,0.0,-0.001460118750049,0.3769804027690613,0.4226100884696526,0.0456296857005913,False,True,0,False,0.3769804027690613,0.0,False,0.3769804027690613,0.0,False,0.3769804027690613,0.0,False,0.3769804027690613,0.0
SUNPHARMA.NS,2025-11-10,False,10,1,0.0456296857005913,0.0456296857005913,1.0,0.0,16.0,0.0046095280088792,0.4380897245504963,0.3842175686350373,-0.0538721559154589,True,True,0,True,0.3842175686350373,-0.053872155915458964,True,0.3842175686350373,-0.053872155915458964,True,0.3842175686350373,-0.053872155915458964,True,0.3842175686350373,-0.053872155915458964
SUNPHARMA.NS,2026-02-10,False,10,2,-0.004121235107433799,-0.004121235107433799,0.5,0.5,24.0,-0.0071519433731502,0.3917028815284629,0.3601268577750704,-0.0315760237533925,True,True,0,False,0.3917028815284629,0.0,False,0.3917028815284629,0.0,False,0.3917028815284629,0.0,False,0.3917028815284629,0.0
SUNPHARMA.NS,2026-05-08,False,10,3,-0.013272831322753366,-0.0315760237533925,0.3333333333333333,0.6666666666666666,24.0,-0.0031396492441144,0.3524891985000303,0.3942068603487275,0.0417176618486971,False,True,0,False,0.3524891985000303,0.0,False,0.3524891985000303,0.0,False,0.3524891985000303,0.0,False,0.3524891985000303,0.0
SUNPHARMA.NS,2026-08-10,False,10,4,0.0004747919701092503,0.0050708190476522995,0.5,0.5,26.0,0.0016416767172278,0.3628246753246753,0.3217099322050655,-0.0411147431196097,False,True,0,True,0.3217099322050655,-0.04111474311960983,False,0.3628246753246753,0.0,True,0.3217099322050655,-0.04111474311960983,True,0.3217099322050655,-0.04111474311960983
TATACONSUM.NS,2025-08-08,True,10,0,0.0,0.0,0.0,0.0,0.0,-0.0106723484352346,0.2762330592470639,0.2734529342310932,-0.0027801250159706,False,True,0,False,0.2762330592470639,0.0,False,0.2762330592470639,0.0,False,0.2762330592470639,0.0,False,0.2762330592470639,0.0
TATACONSUM.NS,2025-11-10,False,10,1,-0.0027801250159706,-0.0027801250159706,0.0,0.0,22.0,0.0114439966713517,0.2788526949241235,0.2365981916543714,-0.042254503269752,True,True,0,False,0.2788526949241235,0.0,False,0.2788526949241235,0.0,True,0.2365981916543714,-0.04225450326975211,False,0.2788526949241235,0.0
TATACONSUM.NS,2026-02-10,False,10,2,-0.0225173141428613,-0.0225173141428613,0.0,0.5,43.0,-0.0026918333052762,0.2829545774548731,0.2528347636615353,-0.0301198137933378,False,True,0,False,0.2829545774548731,0.0,False,0.2829545774548731,0.0,False,0.2829545774548731,0.0,False,0.2829545774548731,0.0
TATACONSUM.NS,2026-05-08,False,10,3,-0.025051480693020132,-0.0301198137933378,0.0,0.3333333333333333,40.666666666666664,0.0270077862936026,0.3060542510399835,0.3016256644140395,-0.0044285866259439,False,True,0,False,0.3060542510399835,0.0,False,0.3060542510399835,0.0,True,0.3016256644140395,-0.004428586625944031,False,0.3060542510399835,0.0
TATACONSUM.NS,2026-08-10,False,10,4,-0.019895757176251076,-0.01727420020964085,0.0,0.25,33.5,0.0007360393106279,0.3443167019831785,0.361266077178734,0.0169493751955555,False,True,0,False,0.3443167019831785,0.0,False,0.3443167019831785,0.0,True,0.361266077178734,0.016949375195555505,False,0.3443167019831785,0.0
TATASTEEL.NS,2025-08-08,True,10,0,0.0,0.0,0.0,0.0,0.0,-0.0074599184868018,0.4873483951760932,0.4886423126423126,0.0012939174662194,False,True,0,False,0.4873483951760932,0.0,False,0.4873483951760932,0.0,False,0.4873483951760932,0.0,False,0.4873483951760932,0.0
TATASTEEL.NS,2025-11-10,False,10,1,0.0012939174662194,0.0012939174662194,1.0,0.0,26.0,-0.0179867491433323,0.3687416384669866,0.3880564225027978,0.0193147840358112,False,True,0,True,0.3880564225027978,0.019314784035811217,True,0.3880564225027978,0.019314784035811217,False,0.3687416384669866,0.0,True,0.3880564225027978,0.019314784035811217
TATASTEEL.NS,2026-02-10,False,10,2,0.010304350751015299,0.010304350751015299,1.0,0.0,15.0,-0.0004467585520131,0.4645285027918451,0.4428294626602695,-0.0216990401315755,False,True,0,True,0.4428294626602695,-0.021699040131575587,True,0.4428294626602695,-0.021699040131575587,False,0.4645285027918451,0.0,True,0.4428294626602695,-0.021699040131575587
TATASTEEL.NS,2026-05-08,False,10,3,-0.0003634462098483007,0.0012939174662194,0.6666666666666666,0.0,16.0,0.0017361938305821,0.4203187366448169,0.3902689687573408,-0.030049767887476,False,True,0,False,0.4203187366448169,0.0,False,0.4203187366448169,0.0,True,0.3902689687573408,-0.030049767887476098,False,0.4203187366448169,0.0
TATASTEEL.NS,2026-08-10,False,10,4,-0.007785026629255226,-0.01020256133267805,0.5,0.0,18.5,-0.0149581475988927,0.4095078299776286,0.4103484785452201,0.0008406485675914,False,True,0,False,0.4095078299776286,0.0,False,0.4095078299776286,0.0,False,0.4095078299776286,0.0,False,0.4095078299776286,0.0
TCS.NS,2025-08-08,True,10,0,0.0,0.0,0.0,0.0,0.0,0.0114205174612951,0.3106349120886352,0.2871723774638817,-0.0234625346247535,False,True,0,False,0.3106349120886352,0.0,False,0.3106349120886352,0.0,True,0.2871723774638817,-0.023462534624753506,True,0.2871723774638817,-0.023462534624753506
TCS.NS,2025-11-10,False,10,1,-0.0234625346247535,-0.0234625346247535,0.0,0.0,20.0,-0.0036152736812892,0.3522361647361647,0.3399002971910651,-0.0123358675450995,False,True,0,False,0.3522361647361647,0.0,False,0.3522361647361647,0.0,False,0.3522361647361647,0.0,False,0.3522361647361647,0.0
TCS.NS,2026-02-10,False,10,2,-0.0178992010849265,-0.0178992010849265,0.0,0.0,16.0,-0.0048238487393377,0.38828909772306,0.3830376419787853,-0.0052514557442747,False,True,0,False,0.38828909772306,0.0,False,0.38828909772306,0.0,False,0.38828909772306,0.0,False,0.38828909772306,0.0
TCS.NS,2026-05-08,False,10,3,-0.0136832859713759,-0.0123358675450995,0.0,0.0,27.333333333333332,-0.0127002519653095,0.2520347058278453,0.2744107109630456,0.0223760051352003,False,True,0,False,0.2520347058278453,0.0,False,0.2520347058278453,0.0,False,0.2520347058278453,0.0,False,0.2520347058278453,0.0
TCS.NS,2026-08-10,False,10,4,-0.00466846319473185,-0.0087936616446871,0.25,0.0,29.0,-0.0003442268135085,0.2845163551045904,0.3079365079365079,0.0234201528319175,False,True,0,False,0.2845163551045904,0.0,False,0.2845163551045904,0.0,False,0.2845163551045904,0.0,False,0.2845163551045904,0.0
TECHM.NS,2025-08-08,True,10,0,0.0,0.0,0.0,0.0,0.0,0.0025626686657858,0.3877445527524102,0.417140662874697,0.0293961101222868,False,True,0,False,0.3877445527524102,0.0,False,0.3877445527524102,0.0,True,0.417140662874697,0.029396110122286767,False,0.3877445527524102,0.0
TECHM.NS,2025-11-10,False,10,1,0.0293961101222868,0.0293961101222868,1.0,0.0,38.0,0.0224388250981789,0.3544752674321798,0.3444440266706773,-0.0100312407615024,False,True,0,True,0.3444440266706773,-0.010031240761502469,True,0.3444440266706773,-0.010031240761502469,True,0.3444440266706773,-0.010031240761502469,True,0.3444440266706773,-0.010031240761502469
TECHM.NS,2026-02-10,False,10,2,0.0096824346803922,0.0096824346803922,0.5,0.0,36.0,0.0184103655981757,0.3100376841384035,0.4072150072150072,0.0971773230766036,False,True,0,True,0.4072150072150072,0.0971773230766037,True,0.4072150072150072,0.0971773230766037,True,0.4072150072150072,0.0971773230766037,True,0.4072150072150072,0.0971773230766037
TECHM.NS,2026-05-08,False,10,3,0.03884739747912933,0.0293961101222868,0.6666666666666666,0.0,30.0,0.0026782251936726,0.3253389229762135,0.3198707124163664,-0.0054682105598471,False,True,0,True,0.3198707124163664,-0.0054682105598470865,True,0.3198707124163664,-0.0054682105598470865,True,0.3198707124163664,-0.0054682105598470865,True,0.3198707124163664,-0.0054682105598470865
TECHM.NS,2026-08-10,False,10,4,0.027768495469385222,0.011963949781219849,0.5,0.0,29.5,0.0055347187262841,0.3117941470882647,0.3396119929453263,0.0278178458570615,False,True,0,True,0.3396119929453263,0.027817845857061596,True,0.3396119929453263,0.027817845857061596,True,0.3396119929453263,0.027817845857061596,True,0.3396119929453263,0.027817845857061596
TITAN.NS,2025-08-08,True,10,0,0.0,0.0,0.0,0.0,0.0,-0.0045299770121416,0.3162175091080184,0.2721853207746624,-0.0440321883333559,True,True,0,False,0.3162175091080184,0.0,False,0.3162175091080184,0.0,False,0.3162175091080184,0.0,False,0.3162175091080184,0.0
TITAN.NS,2025-11-10,False,10,1,-0.0440321883333559,-0.0440321883333559,0.0,1.0,50.0,-0.0374899668370959,0.3746447566881004,0.3387301587301587,-0.0359145979579416,False,True,0,False,0.3746447566881004,0.0,False,0.3746447566881004,0.0,False,0.3746447566881004,0.0,False,0.3746447566881004,0.0
TITAN.NS,2026-02-10,False,10,2,-0.03997339314564875,-0.03997339314564875,0.0,0.5,31.0,0.0110470913096024,0.253903621328771,0.3112124282337048,0.0573088069049337,False,True,0,False,0.253903621328771,0.0,False,0.253903621328771,0.0,True,0.3112124282337048,0.05730880690493384,False,0.253903621328771,0.0
TITAN.NS,2026-05-08,False,10,3,-0.007545993128787935,-0.0359145979579416,0.3333333333333333,0.3333333333333333,38.666666666666664,0.0054272410145125,0.3117914289211954,0.3426088790467152,0.0308174501255198,False,True,0,False,0.3117914289211954,0.0,False,0.3117914289211954,0.0,True,0.3426088790467152,0.03081745012551984,False,0.3117914289211954,0.0
TITAN.NS,2026-08-10,False,10,4,0.0020448676847889986,-0.0025485739162109007,0.5,0.25,39.0,-0.002319189832025,0.335978835978836,0.3222108303695208,-0.0137680056093151,True,True,0,True,0.3222108303695208,-0.013768005609315181,False,0.335978835978836,0.0,False,0.335978835978836,0.0,True,0.3222108303695208,-0.013768005609315181
TRENT.NS,2025-08-08,True,10,0,0.0,0.0,0.0,0.0,0.0,-0.0107940713647288,0.2710779681444047,0.2506710122699386,-0.020406955874466,True,True,0,False,0.2710779681444047,0.0,False,0.2710779681444047,0.0,False,0.2710779681444047,0.0,False,0.2710779681444047,0.0
TRENT.NS,2025-11-10,False,10,1,-0.020406955874466,-0.020406955874466,0.0,1.0,46.0,-0.0087896533856011,0.3303911676537252,0.3300487242952101,-0.0003424433585151,False,True,0,False,0.3303911676537252,0.0,False,0.3303911676537252,0.0,False,0.3303911676537252,0.0,False,0.3303911676537252,0.0
TRENT.NS,2026-02-10,False,10,2,-0.01037469961649055,-0.01037469961649055,0.0,0.5,26.0,0.0031358035341366,0.2187025417106363,0.3081552706552706,0.0894527289446343,False,True,0,False,0.2187025417106363,0.0,False,0.2187025417106363,0.0,True,0.3081552706552706,0.0894527289446343,False,0.2187025417106363,0.0
TRENT.NS,2026-05-08,False,10,3,0.022901109903884397,-0.0003424433585151,0.3333333333333333,0.3333333333333333,46.0,0.0126157606647246,0.2407834407834408,0.2752039971783883,0.0344205563949474,False,True,0,True,0.2752039971783883,0.03442055639494748,False,0.2407834407834408,0.0,True,0.2752039971783883,0.03442055639494748,True,0.2752039971783883,0.03442055639494748
TRENT.NS,2026-08-10,False,10,4,0.025780971526650147,0.01703905651821615,0.5,0.25,42.5,-0.0045991031256662,0.3224960958093362,0.3065042501517911,-0.015991845657545,False,True,0,True,0.3065042501517911,-0.01599184565754508,False,0.3224960958093362,0.0,False,0.3224960958093362,0.0,True,0.3065042501517911,-0.01599184565754508
ULTRACEMCO.NS,2025-08-08,True,10,0,0.0,0.0,0.0,0.0,0.0,-0.0226325862034141,0.3636740956072351,0.2990512672041334,-0.0646228284031016,True,True,0,False,0.3636740956072351,0.0,False,0.3636740956072351,0.0,False,0.3636740956072351,0.0,False,0.3636740956072351,0.0
ULTRACEMCO.NS,2025-11-10,False,10,1,-0.0646228284031016,-0.0646228284031016,0.0,1.0,18.0,-0.0066638568351805,0.3388294711824124,0.3076938427705337,-0.0311356284118786,False,True,0,False,0.3388294711824124,0.0,False,0.3388294711824124,0.0,False,0.3388294711824124,0.0,False,0.3388294711824124,0.0
ULTRACEMCO.NS,2026-02-10,False,10,2,-0.0478792284074901,-0.0478792284074901,0.0,0.5,24.0,-0.0199279360885389,0.3761540998823642,0.3506972888381339,-0.0254568110442303,False,True,0,False,0.3761540998823642,0.0,False,0.3761540998823642,0.0,False,0.3761540998823642,0.0,False,0.3761540998823642,0.0
ULTRACEMCO.NS,2026-05-08,False,10,3,-0.040405089286403496,-0.0311356284118786,0.0,0.3333333333333333,26.666666666666668,-3.523239687192037e-05,0.3483730584244157,0.3766647319710552,0.0282916735466395,False,True,0,False,0.3483730584244157,0.0,False,0.3483730584244157,0.0,False,0.3483730584244157,0.0,False,0.3483730584244157,0.0
ULTRACEMCO.NS,2026-08-10,False,10,4,-0.02323089857814275,-0.028296219728054448,0.25,0.25,26.5,-0.0065938705061969,0.3697267274945866,0.3613324899852414,-0.0083942375093452,False,True,0,False,0.3697267274945866,0.0,False,0.3697267274945866,0.0,False,0.3697267274945866,0.0,False,0.3697267274945866,0.0
WIPRO.NS,2025-08-08,True,5,0,0.0,0.0,0.0,0.0,0.0,0.0107242102039338,0.2720326936744847,0.3249158249158249,0.0528831312413402,False,True,0,False,0.2720326936744847,0.0,False,0.2720326936744847,0.0,True,0.3249158249158249,0.0528831312413402,True,0.3249158249158249,0.0528831312413402
WIPRO.NS,2025-11-10,False,5,1,0.0528831312413402,0.0528831312413402,1.0,0.0,12.0,0.003532823354813,0.3201956692716503,0.3709363876727893,0.050740718401139,False,True,0,True,0.3709363876727893,0.05074071840113903,True,0.3709363876727893,0.05074071840113903,True,0.3709363876727893,0.05074071840113903,True,0.3709363876727893,0.05074071840113903
WIPRO.NS,2026-02-10,False,5,2,0.0518119248212396,0.0518119248212396,1.0,0.0,24.0,0.0065166523298284,0.363767859698753,0.3403026369656366,-0.0234652227331164,False,True,0,True,0.3403026369656366,-0.02346522273311641,True,0.3403026369656366,-0.02346522273311641,True,0.3403026369656366,-0.02346522273311641,True,0.3403026369656366,-0.02346522273311641
WIPRO.NS,2026-05-08,False,5,3,0.026719542303120934,0.050740718401139,0.6666666666666666,0.0,28.0,0.0119540629357369,0.3206045978383594,0.326495604656688,0.0058910068183286,False,True,0,True,0.326495604656688,0.0058910068183286035,True,0.326495604656688,0.0058910068183286035,True,0.326495604656688,0.0058910068183286035,True,0.326495604656688,0.0058910068183286035
WIPRO.NS,2026-08-10,False,5,4,0.021512408431922852,0.028315862609733802,0.75,0.0,26.5,0.0055894169311383,0.3216087685694519,0.2863492002221665,-0.0352595683472854,True,True,0,True,0.2863492002221665,-0.03525956834728544,True,0.2863492002221665,-0.03525956834728544,True,0.2863492002221665,-0.03525956834728544,True,0.2863492002221665,-0.03525956834728544
