ticker,version,model_exists,feature_exists,artifact_status
ADANIENT.NS,3c7a4a5ae14c,True,True,ARTIFACTS_COMPLETE
ADANIENT.NS,66c2ef3e02d0,True,True,ARTIFACTS_COMPLETE
ADANIENT.NS,02396567e184,True,True,ARTIFACTS_COMPLETE
ADANIPORTS.NS,dd85a7190418,True,True,ARTIFACTS_COMPLETE
ADANIPORTS.NS,06bc74a2363f,True,True,ARTIFACTS_COMPLETE
ADANIPORTS.NS,b93ab9691be4,True,True,ARTIFACTS_COMPLETE
APOLLOHOSP.NS,cbe6d8ee7790,True,True,ARTIFACTS_COMPLETE
APOLLOHOSP.NS,a0bd0b468e8b,True,True,ARTIFACTS_COMPLETE
APOLLOHOSP.NS,05ede10abd64,True,True,ARTIFACTS_COMPLETE
ASIANPAINT.NS,fc03c2cbd1c4,True,True,ARTIFACTS_COMPLETE
ASIANPAINT.NS,4824c1b99db7,True,True,ARTIFACTS_COMPLETE
ASIANPAINT.NS,e6259388a183,True,True,ARTIFACTS_COMPLETE
AXISBANK.NS,c5887408a2bd,True,True,ARTIFACTS_COMPLETE
AXISBANK.NS,c9b756f77ab8,True,True,ARTIFACTS_COMPLETE
AXISBANK.NS,6714ad67d111,True,True,ARTIFACTS_COMPLETE
BAJAJ-AUTO.NS,4ead6a75dc12,True,True,ARTIFACTS_COMPLETE
BAJAJ-AUTO.NS,48c2a43dffff,True,True,ARTIFACTS_COMPLETE
BAJAJ-AUTO.NS,db9e0769b1d1,True,True,ARTIFACTS_COMPLETE
BAJFINANCE.NS,433d0ad7ddca,True,True,ARTIFACTS_COMPLETE
BAJFINANCE.NS,397cf26016b6,True,True,ARTIFACTS_COMPLETE
BAJFINANCE.NS,19fd01804fed,True,True,ARTIFACTS_COMPLETE
BAJAJFINSV.NS,d7782e81c688,True,True,ARTIFACTS_COMPLETE
BAJAJFINSV.NS,d1602b7bb0cc,True,True,ARTIFACTS_COMPLETE
BAJAJFINSV.NS,550436d37c2e,True,True,ARTIFACTS_COMPLETE
BEL.NS,5c1ff0aa0aad,True,True,ARTIFACTS_COMPLETE
BEL.NS,d531ce73163b,True,True,ARTIFACTS_COMPLETE
BEL.NS,5cc7f5c36428,True,True,ARTIFACTS_COMPLETE
BHARTIARTL.NS,54da001749a5,True,True,ARTIFACTS_COMPLETE
BHARTIARTL.NS,909066bc44c9,True,True,ARTIFACTS_COMPLETE
BHARTIARTL.NS,1db6ff197a40,True,True,ARTIFACTS_COMPLETE
BRITANNIA.NS,fd8d23128b94,True,True,ARTIFACTS_COMPLETE
BRITANNIA.NS,b4951f71a6bf,True,True,ARTIFACTS_COMPLETE
BRITANNIA.NS,75a51f014587,True,True,ARTIFACTS_COMPLETE
CIPLA.NS,4667a453f22d,True,True,ARTIFACTS_COMPLETE
CIPLA.NS,91f547418e28,True,True,ARTIFACTS_COMPLETE
CIPLA.NS,a133bb37aed0,True,True,ARTIFACTS_COMPLETE
COALINDIA.NS,34ba065a209a,True,True,ARTIFACTS_COMPLETE
COALINDIA.NS,8c000efaacb2,True,True,ARTIFACTS_COMPLETE
COALINDIA.NS,174fb1f190ff,True,True,ARTIFACTS_COMPLETE
DRREDDY.NS,776e48979a61,True,True,ARTIFACTS_COMPLETE
DRREDDY.NS,2ac38559612d,True,True,ARTIFACTS_COMPLETE
DRREDDY.NS,7210d4a2ac7f,True,True,ARTIFACTS_COMPLETE
EICHERMOT.NS,cebb182a5b8f,True,True,ARTIFACTS_COMPLETE
EICHERMOT.NS,f4fcbc8ea09b,True,True,ARTIFACTS_COMPLETE
EICHERMOT.NS,1add26b9ab6f,True,True,ARTIFACTS_COMPLETE
ETERNAL.NS,e88bbaaef3e7,True,True,ARTIFACTS_COMPLETE
ETERNAL.NS,95138f428631,True,True,ARTIFACTS_COMPLETE
ETERNAL.NS,213c7cdf6b07,True,True,ARTIFACTS_COMPLETE
GRASIM.NS,bd33d236146e,True,True,ARTIFACTS_COMPLETE
GRASIM.NS,60c64b7bac5f,True,True,ARTIFACTS_COMPLETE
GRASIM.NS,2c1de894a637,True,True,ARTIFACTS_COMPLETE
HCLTECH.NS,e3f525b6c80b,True,True,ARTIFACTS_COMPLETE
HCLTECH.NS,0897f8e186c5,True,True,ARTIFACTS_COMPLETE
HCLTECH.NS,c52c57f19196,True,True,ARTIFACTS_COMPLETE
HDFCBANK.NS,44def814527e,True,True,ARTIFACTS_COMPLETE
HDFCBANK.NS,ea91152f3700,True,True,ARTIFACTS_COMPLETE
HDFCBANK.NS,4a79ab752e51,True,True,ARTIFACTS_COMPLETE
HDFCLIFE.NS,41399ec09316,True,True,ARTIFACTS_COMPLETE
HDFCLIFE.NS,645a8e00fc74,True,True,ARTIFACTS_COMPLETE
HDFCLIFE.NS,2a47400ee179,True,True,ARTIFACTS_COMPLETE
HEROMOTOCO.NS,38319e433e38,True,True,ARTIFACTS_COMPLETE
HEROMOTOCO.NS,8bc8602ae09a,True,True,ARTIFACTS_COMPLETE
HEROMOTOCO.NS,50e12ce11fad,True,True,ARTIFACTS_COMPLETE
HINDALCO.NS,75117f692dd8,True,True,ARTIFACTS_COMPLETE
HINDALCO.NS,dbc2925e4fde,True,True,ARTIFACTS_COMPLETE
HINDALCO.NS,75c4bcd16d7e,True,True,ARTIFACTS_COMPLETE
HINDUNILVR.NS,cd95e34ed076,True,True,ARTIFACTS_COMPLETE
HINDUNILVR.NS,d623ab98c5ab,True,True,ARTIFACTS_COMPLETE
HINDUNILVR.NS,6ae4cbc68cf5,True,True,ARTIFACTS_COMPLETE
ICICIBANK.NS,d63609af1d97,True,True,ARTIFACTS_COMPLETE
ICICIBANK.NS,42fb30971459,True,True,ARTIFACTS_COMPLETE
ICICIBANK.NS,9a90cf51924c,True,True,ARTIFACTS_COMPLETE
INDIGO.NS,25dbcd62a57b,True,True,ARTIFACTS_COMPLETE
INDIGO.NS,f0e8b414f4f4,True,True,ARTIFACTS_COMPLETE
INDIGO.NS,208247af8cb1,True,True,ARTIFACTS_COMPLETE
INFY.NS,ce793e4e8839,True,True,ARTIFACTS_COMPLETE
INFY.NS,90f8d2184423,True,True,ARTIFACTS_COMPLETE
INFY.NS,6c549effc744,True,True,ARTIFACTS_COMPLETE
ITC.NS,ec7014f4e9df,True,True,ARTIFACTS_COMPLETE
ITC.NS,1ff50678cced,True,True,ARTIFACTS_COMPLETE
ITC.NS,dd4365c40715,True,True,ARTIFACTS_COMPLETE
JIOFIN.NS,a136644c1d2e,True,True,ARTIFACTS_COMPLETE
JIOFIN.NS,0d2db96d5965,True,True,ARTIFACTS_COMPLETE
JIOFIN.NS,beb622d9d178,True,True,ARTIFACTS_COMPLETE
JSWSTEEL.NS,a62a0a0f6fd9,True,True,ARTIFACTS_COMPLETE
JSWSTEEL.NS,f6cbf70e626f,True,True,ARTIFACTS_COMPLETE
JSWSTEEL.NS,15f1cf629f57,True,True,ARTIFACTS_COMPLETE
KOTAKBANK.NS,ae9b42f39a04,True,True,ARTIFACTS_COMPLETE
KOTAKBANK.NS,8778f8301216,True,True,ARTIFACTS_COMPLETE
KOTAKBANK.NS,572bb63ba388,True,True,ARTIFACTS_COMPLETE
LT.NS,8c272c989297,True,True,ARTIFACTS_COMPLETE
LT.NS,1e25cd6b3edc,True,True,ARTIFACTS_COMPLETE
LT.NS,fffa74c6ced2,True,True,ARTIFACTS_COMPLETE
M&M.NS,0743b33ecef7,True,True,ARTIFACTS_COMPLETE
M&M.NS,558d590356df,True,True,ARTIFACTS_COMPLETE
M&M.NS,a82ca768507c,True,True,ARTIFACTS_COMPLETE
MARUTI.NS,f65d66b576f5,True,True,ARTIFACTS_COMPLETE
MARUTI.NS,7ef4e7eabc45,True,True,ARTIFACTS_COMPLETE
MARUTI.NS,9d76042d0f88,True,True,ARTIFACTS_COMPLETE
MAXHEALTH.NS,df25620a16f2,True,True,ARTIFACTS_COMPLETE
MAXHEALTH.NS,6687bf1b01c5,True,True,ARTIFACTS_COMPLETE
MAXHEALTH.NS,89ccde0bb6bb,True,True,ARTIFACTS_COMPLETE
NESTLEIND.NS,f04bde3608d3,True,True,ARTIFACTS_COMPLETE
NESTLEIND.NS,7aadd30cf3dd,True,True,ARTIFACTS_COMPLETE
NESTLEIND.NS,718f85fe9370,True,True,ARTIFACTS_COMPLETE
NTPC.NS,1f4a7d9a04b8,True,True,ARTIFACTS_COMPLETE
NTPC.NS,a97c5bf097c4,True,True,ARTIFACTS_COMPLETE
NTPC.NS,e850d8e39a71,True,True,ARTIFACTS_COMPLETE
ONGC.NS,f9edf9feaee0,True,True,ARTIFACTS_COMPLETE
ONGC.NS,09b398bfd1df,True,True,ARTIFACTS_COMPLETE
ONGC.NS,6c29ed4f4b31,True,True,ARTIFACTS_COMPLETE
POWERGRID.NS,138281d5dbb0,True,True,ARTIFACTS_COMPLETE
POWERGRID.NS,40b304c072b0,True,True,ARTIFACTS_COMPLETE
POWERGRID.NS,baeacbd6a8ee,True,True,ARTIFACTS_COMPLETE
RELIANCE.NS,bc1d09c11c6c,True,True,ARTIFACTS_COMPLETE
RELIANCE.NS,a4264ce3aa03,True,True,ARTIFACTS_COMPLETE
SBILIFE.NS,7d4e4f2083ec,True,True,ARTIFACTS_COMPLETE
SBILIFE.NS,56d64f0a6cba,True,True,ARTIFACTS_COMPLETE
SBILIFE.NS,710b376617f0,True,True,ARTIFACTS_COMPLETE
SBIN.NS,82097585e678,True,True,ARTIFACTS_COMPLETE
SBIN.NS,89800c74b7e8,True,True,ARTIFACTS_COMPLETE
SBIN.NS,41efcda90bcf,True,True,ARTIFACTS_COMPLETE
SHRIRAMFIN.NS,c1fc54975746,True,True,ARTIFACTS_COMPLETE
SHRIRAMFIN.NS,6420994a0e89,True,True,ARTIFACTS_COMPLETE
SHRIRAMFIN.NS,0e7da5a7998c,True,True,ARTIFACTS_COMPLETE
SUNPHARMA.NS,24219657af50,True,True,ARTIFACTS_COMPLETE
SUNPHARMA.NS,bfa8f74a2afe,True,True,ARTIFACTS_COMPLETE
SUNPHARMA.NS,845257eace4d,True,True,ARTIFACTS_COMPLETE
TATACONSUM.NS,a52809467ad6,True,True,ARTIFACTS_COMPLETE
TATACONSUM.NS,241b68c2c661,True,True,ARTIFACTS_COMPLETE
TATACONSUM.NS,4d67a31ef2d1,True,True,ARTIFACTS_COMPLETE
TATASTEEL.NS,b6ad42ab4e15,True,True,ARTIFACTS_COMPLETE
TATASTEEL.NS,182b9748cbf7,True,True,ARTIFACTS_COMPLETE
TATASTEEL.NS,6b0ec6e931d3,True,True,ARTIFACTS_COMPLETE
TCS.NS,40b61a24a045,True,True,ARTIFACTS_COMPLETE
TCS.NS,68df90ea3a2f,True,True,ARTIFACTS_COMPLETE
TCS.NS,39f892ad8a37,True,True,ARTIFACTS_COMPLETE
TECHM.NS,e252ca12ff9b,True,True,ARTIFACTS_COMPLETE
TECHM.NS,5011305981a8,True,True,ARTIFACTS_COMPLETE
TECHM.NS,44f46805464f,True,True,ARTIFACTS_COMPLETE
TITAN.NS,f22de148c0b9,True,True,ARTIFACTS_COMPLETE
TITAN.NS,67c0dc7422a2,True,True,ARTIFACTS_COMPLETE
TITAN.NS,c62d01aa5314,True,True,ARTIFACTS_COMPLETE
TRENT.NS,8dd0db56b45b,True,True,ARTIFACTS_COMPLETE
TRENT.NS,67fe9e438970,True,True,ARTIFACTS_COMPLETE
TRENT.NS,9106deb806b5,True,True,ARTIFACTS_COMPLETE
ULTRACEMCO.NS,2b6d15d443e9,True,True,ARTIFACTS_COMPLETE
ULTRACEMCO.NS,8755f4b0285f,True,True,ARTIFACTS_COMPLETE
ULTRACEMCO.NS,2c6e05607985,True,True,ARTIFACTS_COMPLETE
WIPRO.NS,9ff5cf2a14aa,True,True,ARTIFACTS_COMPLETE
WIPRO.NS,1999ed4012b1,True,True,ARTIFACTS_COMPLETE
WIPRO.NS,6873fcb78722,True,True,ARTIFACTS_COMPLETE
