ticker,version,quality_classification
ADANIENT.NS,3c7a4a5ae14c,AMBIGUOUS
ADANIENT.NS,66c2ef3e02d0,AMBIGUOUS
ADANIENT.NS,02396567e184,AMBIGUOUS
ADANIPORTS.NS,dd85a7190418,AMBIGUOUS
ADANIPORTS.NS,06bc74a2363f,AMBIGUOUS
ADANIPORTS.NS,b93ab9691be4,AMBIGUOUS
APOLLOHOSP.NS,cbe6d8ee7790,AMBIGUOUS
APOLLOHOSP.NS,a0bd0b468e8b,AMBIGUOUS
APOLLOHOSP.NS,05ede10abd64,AMBIGUOUS
ASIANPAINT.NS,fc03c2cbd1c4,AMBIGUOUS
ASIANPAINT.NS,4824c1b99db7,AMBIGUOUS
ASIANPAINT.NS,e6259388a183,AMBIGUOUS
AXISBANK.NS,c5887408a2bd,AMBIGUOUS
AXISBANK.NS,c9b756f77ab8,AMBIGUOUS
AXISBANK.NS,6714ad67d111,AMBIGUOUS
BAJAJ-AUTO.NS,4ead6a75dc12,AMBIGUOUS
BAJAJ-AUTO.NS,48c2a43dffff,AMBIGUOUS
BAJAJ-AUTO.NS,db9e0769b1d1,AMBIGUOUS
BAJFINANCE.NS,433d0ad7ddca,AMBIGUOUS
BAJFINANCE.NS,397cf26016b6,AMBIGUOUS
BAJFINANCE.NS,19fd01804fed,AMBIGUOUS
BAJAJFINSV.NS,d7782e81c688,AMBIGUOUS
BAJAJFINSV.NS,d1602b7bb0cc,AMBIGUOUS
BAJAJFINSV.NS,550436d37c2e,AMBIGUOUS
BEL.NS,5c1ff0aa0aad,AMBIGUOUS
BEL.NS,d531ce73163b,AMBIGUOUS
BEL.NS,5cc7f5c36428,AMBIGUOUS
BHARTIARTL.NS,54da001749a5,AMBIGUOUS
BHARTIARTL.NS,909066bc44c9,AMBIGUOUS
BHARTIARTL.NS,1db6ff197a40,AMBIGUOUS
BRITANNIA.NS,fd8d23128b94,AMBIGUOUS
BRITANNIA.NS,b4951f71a6bf,AMBIGUOUS
BRITANNIA.NS,75a51f014587,AMBIGUOUS
CIPLA.NS,4667a453f22d,AMBIGUOUS
CIPLA.NS,91f547418e28,AMBIGUOUS
CIPLA.NS,a133bb37aed0,AMBIGUOUS
COALINDIA.NS,34ba065a209a,AMBIGUOUS
COALINDIA.NS,8c000efaacb2,AMBIGUOUS
COALINDIA.NS,174fb1f190ff,AMBIGUOUS
DRREDDY.NS,776e48979a61,AMBIGUOUS
DRREDDY.NS,2ac38559612d,AMBIGUOUS
DRREDDY.NS,7210d4a2ac7f,AMBIGUOUS
EICHERMOT.NS,cebb182a5b8f,AMBIGUOUS
EICHERMOT.NS,f4fcbc8ea09b,AMBIGUOUS
EICHERMOT.NS,1add26b9ab6f,AMBIGUOUS
ETERNAL.NS,e88bbaaef3e7,AMBIGUOUS
ETERNAL.NS,95138f428631,AMBIGUOUS
ETERNAL.NS,213c7cdf6b07,AMBIGUOUS
GRASIM.NS,bd33d236146e,AMBIGUOUS
GRASIM.NS,60c64b7bac5f,AMBIGUOUS
GRASIM.NS,2c1de894a637,AMBIGUOUS
HCLTECH.NS,e3f525b6c80b,AMBIGUOUS
HCLTECH.NS,0897f8e186c5,AMBIGUOUS
HCLTECH.NS,c52c57f19196,AMBIGUOUS
HDFCBANK.NS,44def814527e,AMBIGUOUS
HDFCBANK.NS,ea91152f3700,AMBIGUOUS
HDFCBANK.NS,4a79ab752e51,AMBIGUOUS
HDFCLIFE.NS,41399ec09316,AMBIGUOUS
HDFCLIFE.NS,645a8e00fc74,AMBIGUOUS
HDFCLIFE.NS,2a47400ee179,AMBIGUOUS
HEROMOTOCO.NS,38319e433e38,AMBIGUOUS
HEROMOTOCO.NS,8bc8602ae09a,AMBIGUOUS
HEROMOTOCO.NS,50e12ce11fad,AMBIGUOUS
HINDALCO.NS,75117f692dd8,AMBIGUOUS
HINDALCO.NS,dbc2925e4fde,AMBIGUOUS
HINDALCO.NS,75c4bcd16d7e,AMBIGUOUS
HINDUNILVR.NS,cd95e34ed076,AMBIGUOUS
HINDUNILVR.NS,d623ab98c5ab,AMBIGUOUS
HINDUNILVR.NS,6ae4cbc68cf5,AMBIGUOUS
ICICIBANK.NS,d63609af1d97,AMBIGUOUS
ICICIBANK.NS,42fb30971459,AMBIGUOUS
ICICIBANK.NS,9a90cf51924c,AMBIGUOUS
INDIGO.NS,25dbcd62a57b,AMBIGUOUS
INDIGO.NS,f0e8b414f4f4,AMBIGUOUS
INDIGO.NS,208247af8cb1,AMBIGUOUS
INFY.NS,ce793e4e8839,AMBIGUOUS
INFY.NS,90f8d2184423,AMBIGUOUS
INFY.NS,6c549effc744,AMBIGUOUS
ITC.NS,ec7014f4e9df,AMBIGUOUS
ITC.NS,1ff50678cced,AMBIGUOUS
ITC.NS,dd4365c40715,AMBIGUOUS
JIOFIN.NS,a136644c1d2e,AMBIGUOUS
JIOFIN.NS,0d2db96d5965,AMBIGUOUS
JIOFIN.NS,beb622d9d178,AMBIGUOUS
JSWSTEEL.NS,a62a0a0f6fd9,AMBIGUOUS
JSWSTEEL.NS,f6cbf70e626f,AMBIGUOUS
JSWSTEEL.NS,15f1cf629f57,AMBIGUOUS
KOTAKBANK.NS,ae9b42f39a04,AMBIGUOUS
KOTAKBANK.NS,8778f8301216,AMBIGUOUS
KOTAKBANK.NS,572bb63ba388,AMBIGUOUS
LT.NS,8c272c989297,AMBIGUOUS
LT.NS,1e25cd6b3edc,AMBIGUOUS
LT.NS,fffa74c6ced2,AMBIGUOUS
M&M.NS,0743b33ecef7,AMBIGUOUS
M&M.NS,558d590356df,AMBIGUOUS
M&M.NS,a82ca768507c,AMBIGUOUS
MARUTI.NS,f65d66b576f5,AMBIGUOUS
MARUTI.NS,7ef4e7eabc45,AMBIGUOUS
MARUTI.NS,9d76042d0f88,AMBIGUOUS
MAXHEALTH.NS,df25620a16f2,AMBIGUOUS
MAXHEALTH.NS,6687bf1b01c5,AMBIGUOUS
MAXHEALTH.NS,89ccde0bb6bb,AMBIGUOUS
NESTLEIND.NS,f04bde3608d3,AMBIGUOUS
NESTLEIND.NS,7aadd30cf3dd,AMBIGUOUS
NESTLEIND.NS,718f85fe9370,AMBIGUOUS
NTPC.NS,1f4a7d9a04b8,AMBIGUOUS
NTPC.NS,a97c5bf097c4,AMBIGUOUS
NTPC.NS,e850d8e39a71,AMBIGUOUS
ONGC.NS,f9edf9feaee0,AMBIGUOUS
ONGC.NS,09b398bfd1df,AMBIGUOUS
ONGC.NS,6c29ed4f4b31,AMBIGUOUS
POWERGRID.NS,138281d5dbb0,AMBIGUOUS
POWERGRID.NS,40b304c072b0,AMBIGUOUS
POWERGRID.NS,baeacbd6a8ee,AMBIGUOUS
RELIANCE.NS,bc1d09c11c6c,AMBIGUOUS
RELIANCE.NS,a4264ce3aa03,AMBIGUOUS
SBILIFE.NS,7d4e4f2083ec,AMBIGUOUS
SBILIFE.NS,56d64f0a6cba,AMBIGUOUS
SBILIFE.NS,710b376617f0,AMBIGUOUS
SBIN.NS,82097585e678,AMBIGUOUS
SBIN.NS,89800c74b7e8,AMBIGUOUS
SBIN.NS,41efcda90bcf,AMBIGUOUS
SHRIRAMFIN.NS,c1fc54975746,AMBIGUOUS
SHRIRAMFIN.NS,6420994a0e89,AMBIGUOUS
SHRIRAMFIN.NS,0e7da5a7998c,AMBIGUOUS
SUNPHARMA.NS,24219657af50,AMBIGUOUS
SUNPHARMA.NS,bfa8f74a2afe,AMBIGUOUS
SUNPHARMA.NS,845257eace4d,AMBIGUOUS
TATACONSUM.NS,a52809467ad6,AMBIGUOUS
TATACONSUM.NS,241b68c2c661,AMBIGUOUS
TATACONSUM.NS,4d67a31ef2d1,AMBIGUOUS
TATASTEEL.NS,b6ad42ab4e15,AMBIGUOUS
TATASTEEL.NS,182b9748cbf7,AMBIGUOUS
TATASTEEL.NS,6b0ec6e931d3,AMBIGUOUS
TCS.NS,40b61a24a045,AMBIGUOUS
TCS.NS,68df90ea3a2f,AMBIGUOUS
TCS.NS,39f892ad8a37,AMBIGUOUS
TECHM.NS,e252ca12ff9b,AMBIGUOUS
TECHM.NS,5011305981a8,AMBIGUOUS
TECHM.NS,44f46805464f,AMBIGUOUS
TITAN.NS,f22de148c0b9,AMBIGUOUS
TITAN.NS,67c0dc7422a2,AMBIGUOUS
TITAN.NS,c62d01aa5314,AMBIGUOUS
TRENT.NS,8dd0db56b45b,AMBIGUOUS
TRENT.NS,67fe9e438970,AMBIGUOUS
TRENT.NS,9106deb806b5,AMBIGUOUS
ULTRACEMCO.NS,2b6d15d443e9,AMBIGUOUS
ULTRACEMCO.NS,8755f4b0285f,AMBIGUOUS
ULTRACEMCO.NS,2c6e05607985,AMBIGUOUS
WIPRO.NS,9ff5cf2a14aa,AMBIGUOUS
WIPRO.NS,1999ed4012b1,AMBIGUOUS
WIPRO.NS,6873fcb78722,AMBIGUOUS
